contaminated_client_indices:[11, 1, 42, 12, 36, 2, 30, 23, 46, 49, 45, 40, 27, 3, 39]
weights list(greater): [9, 31, 41, 29, 2, 37, 16, 4, 6, 49, 33, 18, 12, 30, 25, 0, 39, 7, 3, 22, 27, 46, 34, 5, 24, 35, 45, 15, 11, 1, 10, 36, 26, 42, 17, 19, 20, 23, 38, 21, 8, 32, 14, 44, 28, 43, 47, 48, 13, 40]
weights list(greater): [2, 41, 35, 46, 5, 22, 3, 18, 0, 37, 24, 49, 33, 47, 10, 31, 36, 9, 26, 8, 15, 28, 6, 11, 21, 48, 4, 27, 19, 25, 34, 20, 1, 42, 38, 17, 7, 43, 30, 16, 39, 13, 32, 29, 44, 45, 12, 14, 23, 40]
weights list(greater): [46, 0, 22, 3, 10, 24, 28, 37, 36, 8, 47, 25, 5, 33, 27, 9, 49, 1, 35, 18, 34, 41, 11, 2, 38, 39, 19, 26, 17, 31, 15, 43, 20, 42, 21, 7, 6, 32, 30, 16, 4, 48, 13, 14, 12, 44, 29, 45, 23, 40]
weights list(greater): [46, 5, 0, 28, 22, 9, 41, 37, 35, 10, 25, 17, 15, 19, 3, 34, 2, 33, 39, 49, 36, 21, 1, 47, 26, 31, 27, 24, 8, 11, 42, 18, 43, 4, 32, 7, 16, 6, 38, 20, 12, 30, 48, 14, 44, 13, 29, 45, 23, 40]
weights list(greater): [46, 35, 15, 0, 49, 3, 28, 10, 17, 25, 5, 19, 9, 24, 2, 33, 41, 34, 42, 22, 36, 26, 8, 39, 18, 11, 31, 43, 38, 37, 27, 1, 47, 20, 30, 32, 21, 12, 4, 7, 16, 48, 44, 6, 45, 13, 14, 29, 23, 40]
weights list(greater): [0, 28, 9, 41, 35, 15, 17, 3, 10, 37, 22, 5, 34, 33, 26, 2, 19, 39, 49, 25, 31, 46, 47, 20, 11, 36, 24, 8, 27, 18, 1, 42, 32, 21, 4, 6, 7, 16, 43, 38, 30, 14, 12, 48, 44, 13, 29, 45, 23, 40]
weights list(greater): [46, 10, 0, 15, 35, 3, 49, 25, 28, 26, 19, 41, 39, 5, 31, 36, 34, 17, 22, 9, 33, 8, 37, 18, 42, 24, 27, 11, 4, 43, 20, 21, 32, 1, 38, 2, 47, 30, 7, 6, 12, 14, 48, 16, 44, 29, 13, 23, 45, 40]
weights list(greater): [19, 35, 49, 5, 0, 28, 10, 41, 37, 9, 17, 32, 15, 3, 36, 46, 26, 22, 42, 34, 25, 33, 8, 11, 21, 31, 18, 4, 24, 27, 39, 43, 1, 16, 20, 7, 47, 12, 30, 2, 6, 38, 44, 14, 45, 48, 23, 29, 13, 40]
weights list(greater): [19, 0, 35, 5, 41, 42, 37, 49, 10, 15, 22, 4, 26, 9, 28, 46, 39, 21, 17, 32, 20, 3, 27, 31, 36, 25, 8, 24, 34, 1, 18, 11, 33, 16, 43, 12, 6, 44, 30, 7, 2, 47, 23, 38, 14, 13, 48, 45, 29, 40]
weights list(greater): [42, 19, 41, 49, 35, 10, 5, 2, 4, 0, 37, 15, 26, 32, 21, 9, 22, 3, 39, 34, 1, 28, 31, 43, 27, 33, 16, 17, 7, 24, 46, 25, 20, 8, 36, 30, 11, 6, 14, 18, 45, 12, 47, 23, 44, 48, 13, 38, 29, 40]
weights list(greater): [19, 42, 35, 10, 0, 9, 37, 5, 21, 26, 49, 41, 32, 28, 22, 17, 39, 4, 31, 3, 33, 15, 7, 43, 12, 1, 23, 27, 34, 20, 46, 24, 18, 16, 30, 36, 8, 25, 14, 47, 11, 44, 45, 2, 6, 13, 48, 38, 29, 40]
weights list(greater): [19, 0, 35, 21, 42, 4, 10, 41, 9, 32, 37, 39, 28, 5, 26, 46, 15, 24, 1, 16, 43, 22, 3, 7, 25, 20, 14, 23, 27, 31, 33, 8, 49, 18, 17, 30, 34, 2, 11, 12, 47, 6, 36, 44, 45, 13, 38, 48, 29, 40]
weights list(greater): [19, 42, 35, 4, 32, 37, 10, 21, 46, 26, 41, 0, 24, 9, 3, 2, 31, 28, 5, 39, 22, 45, 34, 20, 17, 30, 49, 43, 15, 8, 1, 7, 25, 11, 16, 14, 18, 27, 12, 33, 38, 47, 23, 13, 36, 44, 6, 48, 29, 40]
weights list(greater): [19, 10, 35, 9, 32, 21, 42, 0, 41, 26, 4, 23, 39, 24, 5, 2, 46, 31, 28, 30, 49, 20, 16, 37, 7, 45, 8, 15, 43, 1, 33, 34, 25, 3, 18, 11, 14, 12, 17, 22, 27, 44, 6, 38, 47, 13, 48, 29, 36, 40]
weights list(greater): [42, 9, 19, 4, 32, 35, 37, 39, 0, 26, 24, 10, 41, 21, 16, 28, 3, 46, 2, 31, 34, 7, 45, 43, 30, 49, 5, 33, 20, 18, 8, 12, 44, 17, 1, 23, 15, 47, 11, 25, 14, 22, 13, 27, 6, 48, 38, 36, 29, 40]
weights list(greater): [19, 42, 9, 0, 32, 35, 4, 26, 46, 37, 41, 24, 21, 45, 10, 20, 3, 2, 28, 5, 31, 43, 39, 30, 25, 8, 16, 1, 17, 7, 15, 34, 12, 18, 23, 44, 14, 22, 11, 49, 13, 33, 27, 47, 38, 6, 48, 29, 36, 40]
weights list(greater): [19, 42, 4, 9, 32, 10, 0, 21, 45, 16, 39, 35, 41, 24, 5, 28, 26, 20, 37, 43, 2, 7, 46, 8, 44, 31, 30, 25, 3, 14, 33, 15, 18, 17, 34, 23, 47, 1, 12, 22, 13, 11, 49, 27, 6, 38, 48, 29, 36, 40]
weights list(greater): [19, 9, 42, 0, 10, 37, 24, 32, 45, 41, 21, 4, 26, 35, 5, 16, 39, 23, 20, 46, 30, 7, 3, 31, 8, 44, 28, 2, 33, 18, 22, 43, 11, 34, 47, 15, 14, 25, 49, 13, 12, 17, 1, 36, 6, 27, 48, 29, 38, 40]
weights list(greater): [19, 45, 9, 42, 0, 4, 24, 41, 46, 37, 21, 32, 26, 10, 35, 16, 7, 5, 39, 8, 23, 20, 3, 30, 31, 25, 28, 2, 18, 43, 11, 44, 34, 17, 15, 22, 14, 33, 13, 47, 49, 38, 27, 1, 6, 12, 36, 48, 29, 40]
weights list(greater): [19, 9, 42, 0, 4, 35, 21, 10, 16, 32, 41, 39, 46, 24, 7, 20, 31, 26, 37, 45, 28, 5, 43, 8, 30, 2, 34, 44, 14, 23, 15, 18, 27, 3, 17, 47, 25, 33, 22, 1, 11, 49, 6, 13, 48, 12, 38, 36, 29, 40]
weights list(greater): [19, 9, 0, 24, 41, 10, 42, 32, 4, 21, 16, 26, 20, 37, 39, 45, 7, 30, 35, 5, 44, 46, 8, 43, 28, 31, 1, 18, 22, 25, 14, 15, 3, 23, 33, 13, 2, 11, 47, 17, 34, 12, 6, 49, 36, 38, 27, 48, 29, 40]
weights list(greater): [19, 0, 9, 42, 10, 26, 24, 32, 4, 41, 7, 16, 46, 37, 39, 45, 21, 20, 35, 3, 23, 25, 31, 43, 22, 30, 14, 8, 34, 5, 28, 18, 1, 33, 15, 44, 2, 47, 11, 27, 13, 36, 12, 17, 6, 38, 48, 49, 29, 40]
weights list(greater): [19, 0, 9, 42, 24, 41, 10, 4, 32, 39, 16, 26, 7, 21, 45, 37, 46, 35, 23, 5, 8, 20, 44, 28, 43, 30, 33, 34, 3, 11, 47, 18, 25, 15, 14, 17, 2, 13, 6, 31, 36, 12, 49, 22, 38, 27, 1, 48, 29, 40]
weights list(greater): [19, 0, 4, 10, 9, 32, 24, 42, 45, 21, 16, 26, 30, 41, 7, 46, 20, 35, 37, 39, 44, 14, 3, 34, 5, 8, 18, 43, 31, 22, 28, 23, 2, 47, 11, 25, 33, 27, 1, 15, 12, 13, 17, 36, 6, 38, 49, 48, 29, 40]
weights list(greater): [19, 9, 0, 41, 24, 10, 4, 45, 42, 32, 16, 21, 7, 26, 35, 20, 39, 5, 3, 8, 46, 30, 37, 23, 44, 2, 28, 34, 25, 43, 31, 18, 11, 14, 33, 15, 49, 27, 47, 17, 12, 13, 22, 1, 6, 38, 36, 48, 29, 40]
weights list(greater): [19, 42, 0, 9, 10, 41, 16, 24, 4, 7, 26, 32, 45, 20, 21, 39, 35, 44, 23, 34, 8, 30, 5, 43, 2, 31, 46, 14, 3, 37, 28, 47, 33, 15, 27, 18, 49, 6, 11, 22, 1, 12, 13, 25, 17, 38, 48, 36, 29, 40]
weights list(greater): [19, 9, 24, 0, 10, 42, 4, 32, 45, 20, 26, 41, 21, 37, 39, 46, 7, 35, 16, 30, 8, 44, 18, 5, 31, 11, 23, 34, 2, 28, 3, 25, 22, 33, 27, 47, 43, 14, 13, 12, 15, 17, 38, 1, 36, 6, 49, 48, 29, 40]
weights list(greater): [19, 0, 9, 24, 10, 41, 4, 42, 32, 16, 26, 20, 21, 39, 7, 35, 45, 37, 46, 44, 22, 3, 8, 31, 18, 23, 30, 34, 11, 25, 28, 5, 14, 43, 47, 2, 33, 15, 36, 27, 13, 12, 6, 17, 49, 1, 38, 48, 29, 40]
weights list(greater): [19, 9, 24, 0, 42, 4, 10, 41, 21, 26, 32, 16, 37, 39, 20, 23, 45, 8, 46, 35, 30, 2, 18, 44, 5, 7, 22, 28, 14, 11, 3, 47, 33, 12, 31, 43, 1, 27, 34, 13, 15, 38, 25, 17, 36, 6, 29, 49, 48, 40]
weights list(greater): [10, 19, 9, 42, 41, 45, 16, 0, 24, 26, 7, 21, 4, 39, 46, 32, 35, 20, 31, 8, 37, 44, 23, 14, 43, 5, 34, 3, 30, 2, 25, 28, 22, 18, 15, 33, 47, 11, 27, 17, 6, 13, 38, 49, 12, 48, 1, 29, 36, 40]
weights list(greater): [19, 9, 10, 24, 16, 41, 39, 0, 32, 26, 4, 42, 37, 21, 5, 7, 8, 45, 44, 20, 23, 3, 2, 46, 35, 11, 18, 33, 34, 30, 25, 47, 28, 14, 31, 43, 15, 12, 6, 27, 36, 17, 49, 22, 13, 29, 1, 48, 38, 40]
weights list(greater): [19, 0, 9, 10, 16, 24, 4, 42, 21, 32, 26, 41, 7, 39, 20, 45, 37, 44, 46, 35, 8, 25, 3, 23, 2, 5, 31, 34, 18, 43, 14, 30, 47, 33, 22, 11, 28, 27, 13, 15, 6, 36, 49, 12, 17, 38, 48, 1, 29, 40]
weights list(greater): [19, 24, 9, 10, 45, 41, 39, 21, 7, 16, 26, 42, 32, 0, 4, 37, 20, 44, 8, 46, 31, 5, 35, 18, 11, 28, 47, 25, 23, 34, 43, 14, 33, 3, 6, 12, 30, 36, 2, 22, 27, 17, 15, 13, 38, 48, 49, 29, 1, 40]
weights list(greater): [19, 9, 0, 10, 4, 16, 24, 41, 26, 42, 7, 20, 21, 32, 39, 45, 34, 37, 46, 25, 44, 30, 35, 31, 2, 8, 3, 11, 18, 43, 47, 5, 33, 36, 28, 23, 38, 13, 6, 17, 27, 22, 15, 14, 49, 12, 48, 29, 1, 40]
weights list(greater): [19, 9, 10, 0, 24, 41, 4, 42, 32, 21, 45, 39, 7, 46, 16, 3, 26, 20, 8, 2, 23, 44, 37, 35, 30, 5, 34, 33, 11, 18, 14, 49, 47, 6, 25, 22, 12, 28, 15, 43, 13, 31, 27, 17, 36, 38, 48, 29, 1, 40]
weights list(greater): [19, 9, 0, 24, 4, 41, 26, 10, 21, 37, 46, 42, 39, 32, 16, 45, 2, 44, 20, 7, 11, 23, 8, 18, 47, 34, 22, 3, 5, 35, 30, 14, 25, 31, 33, 38, 36, 28, 15, 13, 43, 12, 17, 1, 49, 48, 29, 6, 27, 40]
weights list(greater): [19, 9, 10, 41, 16, 32, 24, 0, 7, 46, 4, 39, 44, 26, 5, 21, 45, 37, 42, 8, 35, 2, 3, 25, 20, 43, 18, 14, 23, 11, 34, 6, 47, 17, 33, 38, 22, 15, 49, 12, 13, 36, 28, 31, 30, 48, 29, 27, 1, 40]
weights list(greater): [9, 19, 24, 0, 16, 37, 10, 4, 41, 39, 42, 21, 26, 32, 20, 44, 7, 45, 46, 47, 2, 18, 23, 35, 14, 5, 34, 3, 11, 25, 22, 8, 33, 36, 12, 31, 30, 43, 28, 15, 1, 38, 27, 13, 48, 6, 29, 17, 49, 40]
weights list(greater): [19, 24, 0, 9, 10, 42, 16, 41, 4, 26, 39, 32, 7, 44, 21, 20, 8, 5, 45, 46, 3, 37, 23, 35, 18, 2, 11, 14, 25, 47, 22, 33, 30, 43, 28, 31, 13, 34, 15, 6, 12, 27, 17, 36, 29, 1, 38, 49, 48, 40]
weights list(greater): [19, 0, 10, 9, 4, 41, 24, 39, 45, 26, 44, 42, 32, 16, 7, 20, 21, 37, 2, 46, 8, 3, 5, 35, 34, 31, 25, 11, 47, 18, 33, 14, 43, 23, 28, 22, 38, 30, 36, 48, 49, 13, 15, 12, 6, 27, 29, 1, 17, 40]
weights list(greater): [19, 10, 24, 0, 45, 41, 9, 4, 16, 32, 46, 7, 2, 21, 39, 26, 44, 8, 37, 42, 3, 25, 20, 18, 5, 11, 34, 47, 33, 30, 14, 22, 35, 6, 23, 31, 49, 43, 27, 38, 13, 17, 15, 28, 29, 48, 12, 36, 1, 40]
weights list(greater): [0, 9, 19, 10, 21, 16, 4, 41, 2, 37, 24, 39, 20, 42, 46, 26, 32, 44, 34, 7, 47, 3, 45, 18, 8, 25, 11, 35, 23, 5, 28, 33, 14, 31, 36, 22, 30, 38, 27, 29, 43, 48, 12, 49, 13, 15, 6, 1, 17, 40]
weights list(greater): [0, 9, 19, 16, 10, 21, 24, 41, 4, 45, 7, 2, 44, 32, 42, 39, 20, 18, 37, 8, 26, 33, 47, 46, 3, 34, 5, 11, 35, 23, 30, 14, 28, 43, 25, 22, 31, 36, 6, 38, 12, 13, 15, 49, 27, 17, 48, 29, 1, 40]
weights list(greater): [19, 9, 0, 10, 16, 24, 39, 41, 21, 4, 45, 37, 26, 20, 44, 7, 46, 2, 42, 18, 32, 3, 8, 31, 23, 34, 5, 11, 30, 47, 35, 14, 22, 25, 28, 33, 13, 43, 36, 6, 48, 38, 49, 17, 15, 12, 29, 27, 1, 40]
weights list(greater): [9, 19, 24, 0, 41, 21, 10, 4, 44, 16, 8, 37, 2, 39, 5, 26, 32, 20, 7, 45, 14, 46, 23, 11, 42, 3, 18, 22, 47, 35, 33, 43, 25, 6, 38, 31, 49, 34, 15, 30, 17, 13, 36, 28, 12, 48, 29, 27, 1, 40]
weights list(greater): [0, 19, 2, 16, 9, 10, 4, 21, 41, 24, 20, 39, 37, 26, 44, 32, 7, 47, 46, 23, 34, 8, 42, 11, 33, 5, 35, 18, 45, 3, 31, 36, 14, 43, 28, 12, 6, 27, 15, 49, 25, 48, 38, 29, 30, 22, 13, 17, 1, 40]
weights list(greater): [19, 24, 9, 0, 10, 16, 21, 41, 7, 37, 4, 45, 32, 39, 44, 8, 26, 20, 2, 42, 23, 11, 5, 46, 47, 3, 18, 33, 34, 14, 35, 22, 28, 43, 30, 36, 25, 31, 13, 12, 38, 6, 49, 15, 27, 48, 29, 17, 1, 40]
weights list(greater): [19, 9, 0, 16, 37, 24, 10, 4, 2, 7, 41, 39, 45, 46, 26, 20, 21, 44, 34, 32, 47, 42, 8, 5, 3, 23, 33, 35, 30, 14, 18, 11, 38, 22, 43, 6, 28, 27, 49, 25, 12, 48, 36, 13, 15, 17, 31, 29, 1, 40]
weights list(greater): [0, 9, 19, 24, 4, 41, 21, 45, 10, 2, 16, 46, 44, 37, 20, 8, 32, 39, 7, 26, 47, 42, 18, 14, 5, 34, 11, 33, 3, 35, 25, 23, 22, 13, 38, 28, 6, 27, 43, 30, 12, 36, 49, 48, 17, 31, 29, 15, 40, 1]
weights list(greater): [0, 19, 16, 41, 4, 10, 21, 2, 24, 45, 9, 39, 37, 20, 44, 26, 34, 47, 42, 8, 7, 23, 46, 32, 14, 3, 18, 27, 25, 11, 35, 49, 5, 36, 33, 6, 28, 48, 22, 30, 38, 31, 13, 12, 43, 29, 15, 17, 1, 40]
weights list(greater): [19, 9, 0, 41, 24, 2, 21, 10, 16, 45, 39, 4, 20, 8, 46, 26, 44, 32, 37, 18, 7, 42, 5, 47, 11, 23, 14, 3, 34, 22, 25, 33, 6, 35, 38, 28, 49, 12, 15, 31, 36, 48, 30, 13, 17, 29, 27, 43, 40, 1]
weights list(greater): [0, 4, 21, 19, 9, 16, 10, 45, 37, 2, 41, 44, 24, 20, 47, 39, 26, 32, 34, 42, 46, 8, 7, 18, 23, 11, 5, 14, 35, 36, 3, 25, 31, 33, 38, 48, 17, 43, 49, 30, 27, 22, 13, 6, 28, 12, 29, 15, 1, 40]
weights list(greater): [9, 0, 19, 21, 41, 2, 10, 24, 45, 16, 46, 8, 7, 4, 26, 44, 39, 20, 37, 32, 14, 47, 25, 3, 33, 23, 11, 5, 18, 42, 34, 6, 38, 49, 31, 36, 35, 13, 43, 28, 12, 48, 17, 15, 22, 30, 27, 29, 1, 40]
weights list(greater): [0, 9, 41, 19, 24, 37, 21, 2, 20, 10, 8, 16, 26, 46, 47, 4, 39, 44, 42, 7, 23, 34, 32, 18, 45, 11, 5, 28, 35, 14, 36, 3, 30, 33, 13, 38, 27, 31, 12, 6, 25, 22, 15, 48, 49, 17, 43, 29, 1, 40]
weights list(greater): [9, 0, 19, 16, 24, 41, 10, 21, 4, 2, 7, 46, 42, 8, 44, 32, 45, 20, 37, 39, 47, 18, 5, 26, 33, 11, 35, 34, 14, 23, 43, 36, 25, 3, 6, 38, 31, 30, 49, 13, 17, 22, 27, 28, 48, 29, 15, 12, 1, 40]
weights list(greater): [9, 41, 19, 0, 10, 21, 2, 24, 37, 7, 20, 26, 46, 16, 39, 8, 42, 34, 4, 45, 23, 47, 44, 11, 14, 32, 5, 33, 38, 30, 35, 18, 3, 31, 25, 36, 28, 49, 15, 48, 13, 22, 6, 29, 43, 27, 17, 12, 1, 40]
weights list(greater): [9, 0, 19, 2, 41, 21, 10, 24, 37, 46, 45, 4, 39, 16, 20, 7, 44, 47, 8, 26, 32, 5, 18, 42, 23, 33, 14, 34, 11, 3, 38, 35, 25, 6, 28, 36, 17, 13, 31, 49, 48, 22, 30, 12, 43, 15, 27, 29, 1, 40]
weights list(greater): [9, 19, 21, 0, 37, 41, 2, 10, 16, 24, 20, 46, 45, 4, 23, 7, 8, 32, 44, 26, 39, 18, 5, 30, 47, 34, 42, 14, 11, 36, 33, 38, 3, 25, 35, 31, 13, 28, 6, 43, 48, 12, 49, 22, 27, 17, 15, 29, 1, 40]
weights list(greater): [9, 19, 41, 46, 37, 0, 21, 2, 24, 10, 45, 16, 44, 8, 4, 11, 32, 20, 39, 23, 26, 7, 18, 47, 38, 5, 42, 14, 3, 17, 34, 22, 25, 35, 33, 6, 36, 13, 31, 49, 12, 28, 43, 30, 15, 29, 48, 27, 1, 40]
weights list(greater): [19, 9, 10, 21, 37, 20, 41, 2, 16, 24, 46, 0, 7, 26, 39, 8, 34, 4, 23, 5, 45, 47, 11, 44, 32, 42, 18, 14, 36, 35, 28, 25, 38, 31, 13, 33, 30, 6, 22, 3, 49, 43, 48, 15, 17, 12, 29, 27, 1, 40]
weights list(greater): [9, 19, 0, 46, 24, 41, 21, 2, 37, 10, 4, 7, 8, 16, 39, 45, 20, 44, 5, 32, 26, 11, 23, 25, 42, 47, 14, 33, 3, 35, 34, 18, 38, 31, 6, 49, 17, 36, 13, 43, 22, 48, 28, 15, 27, 30, 12, 29, 40, 1]
weights list(greater): [19, 9, 21, 37, 10, 0, 41, 24, 46, 4, 20, 16, 45, 47, 2, 39, 26, 7, 8, 32, 30, 5, 34, 42, 18, 11, 44, 25, 31, 23, 3, 38, 35, 49, 33, 36, 13, 28, 43, 14, 48, 6, 12, 17, 15, 22, 29, 27, 1, 40]
weights list(greater): [9, 41, 21, 19, 0, 37, 24, 10, 2, 46, 7, 4, 45, 16, 31, 8, 39, 44, 11, 25, 20, 32, 38, 42, 26, 18, 23, 34, 5, 47, 33, 14, 35, 17, 6, 43, 36, 3, 30, 13, 49, 48, 29, 28, 15, 27, 22, 12, 40, 1]
weights list(greater): [9, 37, 21, 41, 46, 19, 0, 24, 10, 20, 4, 2, 47, 44, 26, 39, 8, 7, 45, 34, 18, 16, 11, 32, 42, 23, 5, 36, 38, 14, 25, 31, 28, 22, 35, 48, 13, 3, 33, 6, 43, 17, 49, 30, 29, 15, 12, 27, 1, 40]
weights list(greater): [9, 41, 2, 21, 37, 19, 0, 24, 46, 4, 16, 8, 10, 47, 39, 20, 26, 7, 11, 45, 25, 38, 23, 44, 32, 42, 18, 36, 34, 13, 3, 14, 5, 6, 35, 28, 49, 30, 33, 17, 12, 31, 43, 22, 27, 29, 48, 15, 1, 40]
weights list(greater): [19, 21, 9, 37, 41, 0, 24, 16, 4, 46, 45, 2, 10, 20, 44, 23, 8, 47, 7, 32, 26, 39, 18, 36, 38, 11, 14, 42, 5, 34, 30, 35, 17, 31, 33, 25, 28, 13, 49, 48, 6, 3, 29, 12, 15, 22, 43, 27, 1, 40]
weights list(greater): [9, 41, 19, 0, 2, 21, 46, 24, 4, 8, 7, 37, 16, 10, 45, 23, 39, 44, 20, 32, 5, 11, 26, 38, 47, 14, 17, 18, 25, 34, 49, 33, 42, 3, 31, 13, 6, 36, 48, 28, 30, 35, 43, 22, 12, 15, 29, 27, 1, 40]
weights list(greater): [41, 37, 19, 24, 16, 9, 2, 23, 21, 0, 10, 20, 47, 45, 46, 4, 42, 8, 39, 32, 26, 7, 5, 34, 33, 44, 14, 18, 30, 11, 25, 36, 13, 35, 3, 49, 6, 31, 28, 38, 48, 22, 17, 43, 15, 12, 29, 27, 1, 40]
weights list(greater): [9, 19, 37, 41, 2, 46, 21, 0, 20, 8, 10, 4, 24, 16, 45, 7, 44, 39, 11, 5, 18, 32, 31, 23, 26, 38, 47, 34, 30, 25, 17, 49, 14, 42, 33, 3, 13, 48, 28, 43, 6, 35, 36, 22, 29, 27, 15, 12, 40, 1]
weights list(greater): [9, 41, 37, 19, 21, 45, 46, 24, 2, 10, 16, 0, 20, 8, 47, 4, 42, 39, 26, 7, 11, 23, 44, 18, 31, 38, 36, 34, 32, 5, 25, 30, 6, 3, 14, 35, 33, 49, 13, 48, 28, 15, 43, 17, 29, 12, 22, 27, 40, 1]
weights list(greater): [19, 9, 2, 41, 46, 24, 16, 10, 37, 21, 0, 8, 5, 39, 45, 20, 23, 26, 44, 7, 4, 32, 31, 11, 30, 38, 6, 49, 47, 14, 18, 25, 34, 33, 42, 17, 13, 36, 35, 28, 22, 3, 15, 12, 48, 43, 29, 27, 40, 1]
weights list(greater): [9, 37, 41, 19, 2, 20, 45, 24, 21, 18, 0, 46, 8, 47, 4, 23, 10, 32, 42, 5, 44, 11, 26, 36, 7, 16, 39, 30, 35, 14, 33, 25, 34, 13, 17, 31, 38, 3, 28, 29, 48, 22, 15, 43, 6, 49, 12, 27, 1, 40]
weights list(greater): [9, 19, 0, 41, 2, 21, 24, 37, 16, 46, 8, 10, 4, 23, 7, 45, 47, 44, 20, 26, 38, 18, 30, 5, 39, 32, 11, 31, 25, 17, 34, 42, 14, 13, 49, 33, 3, 6, 35, 36, 28, 48, 22, 43, 12, 27, 29, 15, 40, 1]
weights list(greater): [37, 9, 19, 41, 0, 2, 46, 24, 10, 8, 47, 20, 21, 26, 4, 39, 23, 7, 16, 5, 11, 31, 42, 36, 32, 18, 45, 30, 34, 14, 44, 38, 25, 33, 13, 28, 6, 22, 3, 35, 17, 43, 29, 48, 27, 12, 15, 49, 1, 40]
weights list(greater): [9, 19, 2, 37, 24, 21, 41, 0, 10, 8, 16, 46, 4, 26, 20, 47, 18, 44, 7, 23, 5, 11, 32, 39, 45, 38, 30, 42, 14, 25, 34, 36, 49, 35, 6, 33, 31, 17, 13, 3, 28, 48, 29, 22, 43, 27, 15, 12, 40, 1]
weights list(greater): [9, 37, 41, 19, 2, 20, 46, 21, 0, 24, 47, 8, 30, 10, 7, 16, 5, 26, 23, 34, 18, 4, 39, 11, 31, 45, 44, 42, 25, 32, 33, 28, 36, 38, 49, 13, 48, 6, 14, 3, 43, 17, 35, 15, 29, 22, 27, 12, 40, 1]
weights list(greater): [9, 2, 19, 41, 37, 21, 24, 8, 4, 0, 26, 20, 46, 16, 45, 39, 32, 47, 31, 5, 10, 42, 23, 38, 44, 25, 18, 17, 7, 36, 13, 30, 11, 14, 6, 34, 35, 28, 3, 49, 33, 22, 27, 48, 43, 29, 12, 15, 1, 40]
weights list(greater): [37, 9, 41, 19, 2, 45, 10, 24, 21, 20, 47, 16, 7, 8, 46, 18, 4, 31, 0, 11, 42, 23, 30, 26, 39, 44, 5, 34, 32, 33, 36, 38, 14, 13, 28, 35, 25, 48, 3, 17, 49, 29, 6, 43, 27, 22, 12, 15, 1, 40]
weights list(greater): [9, 41, 0, 2, 37, 21, 19, 46, 4, 47, 24, 20, 8, 45, 16, 44, 10, 23, 30, 26, 38, 7, 18, 39, 32, 5, 14, 34, 11, 42, 36, 49, 13, 31, 17, 48, 25, 6, 33, 28, 22, 35, 29, 43, 3, 12, 15, 27, 40, 1]
weights list(greater): [37, 46, 9, 21, 41, 4, 45, 2, 0, 20, 24, 16, 10, 19, 8, 31, 44, 23, 47, 18, 39, 42, 32, 7, 34, 11, 36, 30, 49, 38, 13, 26, 5, 14, 35, 33, 48, 17, 25, 3, 28, 43, 29, 22, 6, 15, 12, 27, 40, 1]
weights list(greater): [41, 9, 2, 24, 19, 37, 21, 46, 45, 8, 0, 5, 10, 23, 26, 32, 4, 17, 47, 39, 42, 16, 44, 18, 7, 31, 25, 38, 20, 30, 11, 28, 14, 34, 35, 6, 13, 36, 33, 3, 22, 48, 12, 49, 15, 43, 29, 27, 40, 1]
weights list(greater): [37, 2, 9, 41, 21, 46, 4, 47, 24, 16, 20, 19, 8, 0, 10, 45, 34, 18, 23, 31, 32, 7, 42, 36, 39, 44, 11, 26, 30, 5, 14, 28, 35, 33, 13, 17, 38, 22, 25, 48, 3, 29, 49, 43, 6, 27, 12, 15, 1, 40]
weights list(greater): [9, 41, 2, 46, 0, 21, 37, 24, 19, 4, 8, 10, 23, 45, 7, 47, 44, 16, 18, 14, 11, 26, 5, 42, 39, 38, 32, 30, 20, 22, 31, 34, 17, 36, 13, 33, 25, 6, 28, 49, 35, 3, 48, 12, 29, 43, 27, 15, 1, 40]
weights list(greater): [37, 9, 2, 19, 41, 46, 10, 4, 20, 8, 21, 47, 24, 16, 18, 45, 39, 0, 31, 34, 26, 44, 7, 32, 11, 36, 23, 14, 42, 38, 30, 5, 3, 13, 33, 6, 22, 49, 35, 29, 48, 17, 28, 25, 43, 15, 27, 12, 1, 40]
weights list(greater): [9, 37, 46, 2, 41, 21, 4, 19, 24, 45, 0, 8, 16, 18, 11, 7, 10, 47, 39, 44, 23, 32, 5, 20, 17, 25, 31, 38, 30, 34, 42, 13, 14, 26, 36, 33, 6, 49, 3, 22, 29, 28, 35, 48, 43, 12, 15, 27, 40, 1]
weights list(greater): [37, 9, 41, 46, 19, 2, 21, 20, 24, 8, 47, 4, 16, 10, 23, 39, 45, 0, 26, 30, 44, 31, 18, 32, 34, 42, 38, 11, 14, 36, 35, 13, 22, 5, 28, 3, 7, 17, 48, 25, 33, 29, 6, 12, 15, 27, 43, 49, 1, 40]
weights list(greater): [9, 46, 2, 41, 19, 24, 0, 37, 8, 4, 21, 10, 39, 47, 44, 16, 45, 23, 26, 14, 32, 11, 18, 7, 5, 6, 31, 42, 17, 34, 20, 49, 38, 30, 25, 3, 28, 33, 35, 13, 36, 22, 48, 29, 43, 15, 12, 27, 1, 40]
weights list(greater): [37, 9, 46, 19, 16, 21, 41, 2, 8, 0, 24, 4, 20, 47, 39, 10, 18, 11, 44, 26, 32, 7, 30, 23, 31, 42, 34, 45, 38, 3, 36, 33, 13, 5, 14, 6, 17, 25, 35, 28, 29, 49, 43, 48, 22, 12, 27, 15, 1, 40]
weights list(greater): [9, 37, 46, 4, 2, 19, 41, 8, 21, 24, 10, 0, 16, 45, 23, 18, 47, 20, 5, 39, 26, 30, 32, 11, 17, 31, 14, 44, 7, 33, 29, 34, 28, 38, 42, 25, 13, 6, 48, 49, 36, 35, 22, 3, 43, 27, 12, 15, 40, 1]
weights list(greater): [37, 9, 2, 41, 46, 0, 45, 4, 20, 16, 21, 47, 10, 19, 24, 8, 39, 23, 34, 18, 11, 32, 14, 36, 42, 26, 13, 30, 44, 28, 7, 31, 22, 38, 33, 29, 3, 5, 49, 25, 48, 17, 35, 6, 27, 12, 43, 15, 1, 40]
weights list(greater): [19, 9, 41, 46, 37, 8, 2, 0, 24, 23, 21, 4, 45, 47, 26, 16, 18, 39, 5, 10, 14, 20, 11, 7, 44, 30, 6, 17, 32, 38, 42, 49, 28, 33, 25, 3, 13, 34, 35, 36, 22, 12, 29, 31, 43, 15, 48, 27, 1, 40]
weights list(greater): [9, 2, 37, 46, 21, 4, 8, 41, 19, 20, 47, 16, 24, 0, 10, 45, 23, 39, 18, 44, 34, 14, 11, 31, 26, 38, 13, 30, 32, 33, 42, 5, 7, 3, 49, 22, 36, 35, 29, 28, 25, 17, 48, 6, 27, 43, 12, 15, 40, 1]
weights list(greater): [9, 46, 41, 2, 37, 0, 21, 24, 19, 8, 4, 23, 10, 45, 14, 26, 39, 44, 16, 17, 47, 20, 18, 5, 32, 38, 31, 11, 30, 49, 7, 13, 34, 36, 42, 22, 35, 28, 6, 25, 33, 3, 48, 43, 29, 12, 15, 27, 1, 40]
weights list(greater): [37, 9, 46, 41, 21, 0, 8, 47, 20, 2, 24, 4, 16, 23, 18, 19, 31, 10, 30, 45, 32, 44, 39, 13, 11, 36, 34, 26, 5, 42, 38, 14, 7, 28, 22, 33, 48, 17, 29, 3, 35, 49, 6, 25, 43, 15, 12, 27, 40, 1]
weights list(greater): [9, 37, 46, 41, 21, 0, 2, 19, 24, 8, 16, 23, 10, 45, 39, 5, 4, 44, 26, 47, 14, 18, 49, 32, 38, 20, 30, 7, 11, 17, 6, 13, 36, 31, 34, 25, 42, 22, 28, 33, 48, 3, 12, 15, 35, 29, 43, 27, 40, 1]
weights list(greater): [37, 41, 19, 46, 9, 8, 0, 23, 16, 45, 2, 47, 10, 26, 24, 20, 21, 14, 18, 30, 4, 5, 36, 39, 28, 32, 11, 34, 7, 22, 44, 33, 42, 13, 17, 31, 12, 6, 3, 49, 48, 29, 38, 15, 35, 43, 25, 27, 40, 1]
weights list(greater): [37, 2, 41, 21, 46, 9, 19, 8, 23, 0, 4, 24, 10, 47, 16, 5, 45, 18, 6, 14, 26, 36, 39, 30, 32, 31, 7, 44, 11, 20, 17, 38, 42, 25, 13, 34, 33, 28, 22, 43, 49, 12, 48, 29, 3, 35, 15, 27, 1, 40]
weights list(greater): [41, 37, 2, 9, 46, 21, 16, 19, 45, 20, 47, 4, 34, 8, 18, 10, 24, 44, 23, 0, 39, 26, 31, 13, 14, 11, 32, 5, 7, 38, 36, 42, 30, 49, 28, 17, 35, 25, 48, 33, 6, 22, 3, 29, 15, 12, 27, 43, 40, 1]
weights list(greater): [41, 37, 46, 21, 2, 9, 19, 4, 8, 45, 24, 0, 16, 18, 23, 20, 47, 17, 10, 14, 44, 30, 39, 26, 5, 32, 36, 7, 49, 31, 11, 6, 13, 38, 34, 35, 42, 29, 33, 28, 22, 25, 12, 48, 3, 43, 27, 15, 40, 1]
weights list(greater): [37, 41, 9, 2, 19, 21, 16, 46, 4, 8, 47, 18, 20, 23, 45, 30, 24, 0, 34, 10, 39, 36, 11, 31, 44, 14, 32, 42, 26, 7, 13, 29, 28, 38, 17, 25, 5, 33, 6, 22, 12, 3, 35, 49, 43, 48, 15, 27, 1, 40]
contaminated_client_indices:[10, 30, 43, 2, 36, 45, 13, 46, 1, 8, 7, 47, 26, 42, 49]
weights list(greater): [30, 13, 8, 31, 29, 37, 0, 18, 49, 27, 9, 22, 16, 25, 41, 39, 17, 33, 23, 20, 2, 43, 44, 19, 6, 7, 26, 47, 11, 35, 46, 3, 14, 15, 48, 45, 34, 4, 1, 42, 5, 10, 36, 28, 21, 40, 12, 38, 32, 24]
weights list(greater): [9, 37, 6, 2, 11, 5, 35, 48, 22, 0, 15, 41, 39, 3, 31, 18, 13, 19, 42, 8, 44, 17, 25, 1, 46, 27, 47, 36, 32, 16, 28, 10, 4, 7, 20, 34, 24, 30, 49, 33, 43, 38, 21, 26, 12, 29, 40, 23, 45, 14]
contaminated_client_indices:[41, 49, 40, 22, 32, 0, 26, 23, 4, 35, 8, 12, 31, 42, 48]
contaminated_client_indices:[16, 37, 27, 23, 24, 44, 22, 7, 43, 11, 3, 12, 40, 33, 2]
weights list(greater): [2, 9, 39, 0, 11, 35, 15, 22, 5, 3, 8, 36, 28, 41, 18, 37, 46, 6, 33, 17, 1, 34, 25, 42, 47, 27, 19, 48, 24, 31, 10, 20, 49, 38, 30, 43, 7, 32, 4, 21, 44, 26, 16, 13, 12, 29, 40, 23, 45, 14]
weights list(greater): [46, 9, 3, 19, 39, 33, 21, 29, 7, 6, 30, 31, 36, 38, 11, 2, 37, 45, 27, 47, 10, 4, 28, 13, 18, 41, 42, 17, 20, 23, 0, 49, 32, 16, 48, 5, 1, 35, 43, 26, 15, 25, 8, 22, 34, 44, 24, 14, 12, 40]
weights list(greater): [2, 37, 8, 39, 5, 24, 3, 1, 35, 41, 15, 9, 22, 11, 28, 20, 19, 0, 6, 36, 42, 33, 18, 47, 25, 30, 27, 46, 17, 34, 49, 21, 43, 10, 31, 4, 38, 48, 32, 7, 44, 40, 16, 29, 23, 12, 13, 26, 14, 45]
weights list(greater): [7, 4, 15, 31, 19, 41, 18, 46, 21, 9, 24, 10, 30, 35, 8, 13, 27, 37, 42, 11, 29, 25, 20, 22, 38, 45, 49, 12, 44, 43, 28, 26, 16, 6, 34, 48, 2, 14, 33, 23, 32, 40, 5, 47, 3, 39, 36, 17, 0, 1]
weights list(greater): [30, 3, 9, 27, 15, 0, 47, 48, 33, 2, 28, 6, 45, 4, 31, 39, 37, 19, 7, 11, 46, 38, 16, 8, 41, 26, 10, 25, 14, 32, 49, 29, 36, 35, 21, 13, 23, 5, 18, 20, 17, 43, 1, 24, 44, 42, 40, 22, 12, 34]
weights list(greater): [37, 35, 39, 3, 9, 20, 5, 8, 1, 41, 2, 11, 15, 17, 49, 19, 42, 47, 22, 46, 6, 28, 24, 0, 25, 21, 36, 18, 33, 32, 34, 30, 43, 7, 31, 4, 10, 27, 44, 16, 48, 38, 12, 40, 23, 29, 13, 14, 26, 45]
weights list(greater): [41, 30, 31, 7, 9, 35, 4, 29, 46, 10, 12, 37, 13, 25, 27, 23, 18, 20, 19, 48, 11, 49, 44, 22, 16, 6, 42, 26, 38, 2, 45, 15, 33, 43, 14, 28, 21, 32, 36, 24, 40, 3, 17, 47, 8, 5, 34, 39, 0, 1]
weights list(greater): [0, 37, 9, 45, 41, 19, 16, 11, 6, 2, 12, 48, 32, 25, 27, 47, 49, 14, 15, 18, 29, 33, 28, 3, 30, 10, 46, 31, 7, 23, 44, 39, 17, 26, 21, 4, 22, 20, 8, 36, 40, 42, 38, 34, 5, 43, 24, 35, 13, 1]
weights list(greater): [19, 37, 35, 8, 41, 9, 20, 28, 39, 15, 3, 46, 42, 17, 1, 0, 47, 49, 22, 5, 25, 21, 24, 31, 36, 2, 11, 27, 10, 4, 6, 18, 43, 34, 30, 33, 32, 7, 23, 38, 44, 16, 12, 48, 40, 14, 13, 26, 29, 45]
weights list(greater): [30, 23, 9, 41, 13, 7, 18, 29, 46, 35, 27, 2, 40, 37, 16, 22, 19, 31, 45, 4, 48, 25, 6, 42, 10, 47, 44, 20, 11, 43, 28, 14, 33, 49, 26, 15, 36, 32, 38, 3, 21, 17, 5, 39, 0, 12, 24, 34, 8, 1]
weights list(greater): [9, 6, 37, 41, 0, 45, 49, 47, 12, 7, 30, 27, 11, 32, 18, 10, 20, 8, 46, 16, 17, 5, 31, 2, 22, 40, 48, 21, 39, 44, 24, 42, 38, 29, 25, 1, 4, 19, 36, 33, 3, 43, 35, 34, 14, 28, 15, 26, 23, 13]
weights list(greater): [19, 35, 42, 37, 5, 9, 8, 41, 39, 20, 0, 28, 1, 47, 17, 25, 3, 46, 21, 49, 22, 15, 24, 4, 2, 32, 30, 36, 11, 31, 10, 33, 27, 18, 34, 6, 43, 38, 16, 7, 44, 23, 26, 12, 40, 48, 14, 13, 29, 45]
weights list(greater): [13, 30, 9, 41, 25, 7, 37, 14, 18, 23, 20, 2, 46, 28, 16, 48, 29, 6, 33, 27, 40, 11, 4, 43, 35, 22, 44, 42, 31, 49, 26, 47, 32, 38, 19, 45, 10, 15, 5, 21, 3, 34, 17, 0, 36, 12, 24, 8, 39, 1]
weights list(greater): [9, 41, 37, 6, 12, 47, 10, 46, 19, 0, 39, 2, 18, 5, 8, 27, 17, 49, 36, 42, 40, 33, 22, 3, 28, 20, 44, 11, 15, 21, 43, 24, 35, 38, 1, 7, 32, 31, 34, 30, 25, 4, 48, 29, 45, 16, 23, 26, 13, 14]
weights list(greater): [19, 8, 41, 9, 3, 5, 35, 37, 21, 39, 20, 0, 42, 1, 17, 28, 49, 4, 15, 30, 25, 32, 46, 47, 27, 31, 24, 36, 23, 7, 22, 10, 44, 2, 33, 43, 18, 6, 11, 16, 14, 34, 12, 40, 38, 48, 26, 45, 13, 29]
weights list(greater): [30, 41, 7, 9, 2, 28, 13, 6, 46, 23, 18, 20, 37, 27, 45, 11, 43, 35, 16, 33, 14, 48, 4, 22, 8, 29, 49, 42, 15, 10, 32, 47, 40, 5, 21, 17, 31, 26, 19, 25, 3, 39, 44, 12, 38, 0, 24, 1, 34, 36]
weights list(greater): [37, 9, 12, 47, 10, 5, 2, 24, 46, 19, 41, 8, 1, 39, 3, 17, 18, 33, 28, 0, 49, 36, 22, 43, 6, 11, 38, 15, 27, 42, 20, 34, 44, 21, 31, 35, 25, 40, 32, 30, 7, 4, 48, 29, 45, 16, 26, 23, 13, 14]
weights list(greater): [5, 19, 9, 3, 8, 41, 30, 39, 49, 21, 28, 35, 46, 1, 17, 37, 20, 25, 0, 31, 47, 22, 32, 4, 42, 15, 36, 10, 24, 33, 23, 18, 16, 43, 14, 11, 7, 27, 34, 6, 2, 26, 38, 45, 48, 12, 44, 13, 40, 29]
weights list(greater): [35, 18, 9, 41, 19, 46, 7, 11, 37, 6, 27, 30, 2, 47, 13, 28, 10, 23, 49, 43, 16, 22, 31, 33, 20, 14, 8, 45, 42, 4, 48, 24, 29, 32, 15, 40, 3, 39, 5, 17, 25, 12, 26, 0, 44, 38, 21, 1, 36, 34]
weights list(greater): [47, 19, 5, 37, 8, 12, 2, 46, 15, 28, 3, 9, 41, 18, 0, 1, 49, 10, 17, 22, 33, 36, 39, 42, 43, 11, 24, 38, 27, 44, 6, 21, 34, 35, 40, 25, 20, 31, 30, 4, 7, 32, 48, 23, 29, 16, 13, 26, 45, 14]
weights list(greater): [19, 30, 35, 3, 8, 41, 9, 20, 21, 0, 39, 5, 47, 16, 4, 28, 27, 25, 49, 17, 22, 10, 37, 43, 14, 15, 1, 46, 36, 31, 32, 24, 23, 42, 6, 18, 45, 34, 33, 12, 11, 7, 40, 26, 2, 44, 13, 38, 48, 29]
weights list(greater): [18, 41, 14, 9, 35, 44, 16, 7, 30, 20, 47, 6, 31, 2, 19, 37, 46, 8, 11, 23, 24, 26, 27, 43, 22, 45, 10, 13, 33, 48, 49, 29, 4, 15, 40, 28, 42, 34, 32, 12, 3, 39, 25, 17, 0, 5, 21, 1, 38, 36]
weights list(greater): [41, 2, 47, 37, 0, 12, 46, 15, 3, 39, 17, 19, 22, 10, 24, 9, 8, 43, 42, 5, 1, 27, 49, 21, 33, 28, 18, 44, 34, 20, 36, 31, 38, 6, 35, 11, 40, 4, 7, 30, 25, 16, 32, 45, 48, 26, 29, 13, 23, 14]
weights list(greater): [30, 19, 9, 5, 3, 35, 21, 41, 0, 20, 49, 39, 28, 8, 37, 22, 47, 1, 10, 16, 15, 4, 14, 27, 23, 17, 40, 32, 31, 25, 36, 46, 43, 26, 45, 18, 24, 42, 33, 7, 2, 12, 6, 34, 13, 44, 11, 48, 38, 29]
weights list(greater): [9, 7, 18, 19, 41, 31, 16, 6, 35, 37, 44, 27, 14, 2, 49, 20, 48, 23, 30, 43, 22, 46, 45, 11, 33, 13, 12, 10, 28, 40, 24, 15, 39, 42, 8, 3, 4, 29, 26, 32, 34, 0, 21, 17, 47, 5, 25, 38, 36, 1]
weights list(greater): [37, 9, 8, 41, 19, 47, 46, 15, 0, 12, 17, 3, 5, 2, 49, 10, 39, 1, 24, 43, 36, 22, 42, 38, 28, 27, 33, 18, 21, 20, 34, 11, 44, 31, 6, 35, 30, 4, 32, 25, 7, 40, 16, 45, 48, 26, 29, 23, 13, 14]
weights list(greater): [30, 19, 3, 0, 16, 21, 20, 35, 5, 9, 8, 1, 28, 41, 45, 47, 42, 49, 25, 4, 31, 15, 39, 32, 27, 36, 14, 26, 17, 10, 43, 23, 37, 18, 22, 40, 7, 34, 33, 46, 2, 6, 44, 13, 24, 12, 11, 38, 48, 29]
weights list(greater): [19, 9, 16, 18, 31, 44, 7, 6, 33, 27, 30, 8, 37, 41, 2, 12, 35, 10, 13, 14, 49, 22, 43, 26, 23, 45, 11, 48, 15, 47, 46, 29, 28, 20, 24, 3, 39, 17, 0, 40, 32, 42, 4, 25, 5, 21, 34, 38, 36, 1]
weights list(greater): [37, 8, 41, 2, 49, 47, 19, 5, 9, 3, 10, 46, 0, 17, 12, 24, 39, 18, 15, 28, 42, 36, 20, 33, 43, 44, 1, 27, 22, 11, 34, 38, 21, 31, 35, 25, 40, 4, 30, 16, 6, 32, 7, 45, 14, 13, 23, 29, 48, 26]
weights list(greater): [30, 19, 3, 5, 21, 9, 0, 20, 16, 41, 35, 47, 1, 8, 39, 45, 4, 49, 28, 42, 37, 26, 27, 10, 14, 23, 25, 31, 32, 7, 18, 40, 44, 17, 22, 43, 24, 36, 15, 46, 33, 34, 6, 12, 2, 11, 13, 38, 48, 29]
weights list(greater): [19, 9, 31, 16, 41, 7, 49, 14, 44, 6, 22, 2, 18, 46, 23, 28, 27, 45, 37, 43, 33, 11, 10, 12, 30, 48, 4, 35, 13, 29, 5, 15, 3, 32, 21, 0, 40, 20, 39, 38, 42, 26, 34, 47, 17, 8, 24, 1, 25, 36]
weights list(greater): [8, 2, 9, 19, 3, 0, 46, 49, 37, 47, 39, 10, 41, 24, 42, 18, 5, 1, 17, 28, 22, 12, 15, 21, 27, 36, 33, 43, 44, 38, 20, 4, 11, 34, 25, 16, 35, 31, 30, 6, 14, 32, 7, 45, 40, 26, 13, 23, 29, 48]
weights list(greater): [30, 19, 16, 3, 35, 5, 9, 20, 21, 45, 0, 47, 41, 27, 8, 46, 42, 10, 26, 28, 49, 39, 14, 4, 31, 25, 40, 43, 32, 1, 15, 23, 37, 6, 2, 17, 24, 7, 22, 34, 33, 36, 18, 44, 12, 11, 13, 38, 48, 29]
weights list(greater): [31, 9, 19, 16, 6, 27, 14, 41, 22, 2, 35, 45, 48, 23, 11, 46, 10, 18, 44, 7, 12, 28, 43, 37, 49, 30, 0, 3, 15, 39, 20, 29, 21, 32, 34, 40, 4, 47, 5, 42, 26, 13, 33, 17, 8, 24, 1, 38, 25, 36]
weights list(greater): [8, 37, 19, 46, 9, 2, 49, 39, 41, 3, 0, 47, 28, 5, 24, 17, 10, 22, 18, 12, 21, 43, 36, 1, 33, 42, 38, 27, 34, 15, 11, 31, 20, 25, 4, 44, 14, 32, 35, 7, 16, 6, 45, 26, 40, 30, 23, 13, 48, 29]
weights list(greater): [19, 30, 3, 21, 0, 45, 41, 20, 5, 9, 4, 35, 47, 8, 46, 26, 40, 28, 10, 49, 16, 27, 14, 31, 39, 32, 25, 42, 43, 2, 7, 1, 37, 17, 22, 12, 23, 6, 24, 18, 34, 33, 36, 13, 15, 44, 38, 11, 48, 29]
weights list(greater): [9, 12, 19, 31, 23, 27, 6, 7, 18, 16, 22, 2, 45, 41, 3, 28, 37, 14, 11, 44, 30, 47, 10, 33, 42, 48, 15, 29, 4, 43, 32, 46, 0, 35, 49, 39, 24, 26, 20, 38, 17, 13, 5, 40, 21, 34, 8, 1, 25, 36]
weights list(greater): [41, 9, 8, 19, 2, 46, 37, 3, 28, 49, 22, 0, 10, 5, 47, 39, 15, 42, 24, 33, 18, 17, 43, 27, 34, 21, 12, 1, 36, 23, 31, 38, 4, 40, 20, 44, 11, 14, 35, 25, 16, 30, 7, 45, 32, 26, 6, 13, 48, 29]
weights list(greater): [19, 16, 30, 0, 45, 3, 21, 4, 5, 20, 42, 35, 28, 10, 40, 26, 8, 9, 46, 47, 14, 31, 41, 49, 27, 2, 25, 39, 22, 6, 7, 32, 1, 15, 13, 43, 17, 24, 12, 37, 23, 33, 36, 38, 44, 18, 34, 48, 11, 29]
weights list(greater): [19, 12, 9, 31, 23, 6, 16, 27, 18, 44, 22, 47, 4, 45, 2, 0, 33, 3, 10, 11, 37, 40, 32, 28, 7, 46, 49, 41, 26, 15, 14, 30, 48, 17, 35, 42, 43, 39, 34, 24, 5, 29, 21, 20, 1, 38, 13, 8, 36, 25]
weights list(greater): [8, 2, 41, 46, 19, 0, 37, 3, 9, 49, 39, 28, 10, 15, 24, 47, 18, 5, 12, 17, 33, 34, 22, 42, 36, 21, 27, 23, 43, 1, 38, 31, 11, 16, 40, 20, 45, 4, 44, 30, 7, 32, 25, 35, 26, 14, 6, 13, 48, 29]
weights list(greater): [19, 30, 3, 21, 16, 4, 0, 45, 5, 20, 35, 9, 49, 1, 26, 27, 46, 10, 8, 28, 40, 42, 32, 14, 31, 39, 12, 2, 7, 47, 41, 43, 25, 6, 15, 24, 36, 13, 37, 44, 33, 22, 34, 38, 17, 23, 18, 11, 29, 48]
weights list(greater): [12, 19, 23, 9, 31, 6, 16, 27, 45, 18, 24, 22, 44, 37, 32, 15, 33, 0, 47, 41, 28, 3, 10, 34, 2, 30, 4, 46, 35, 48, 43, 17, 7, 14, 8, 5, 26, 21, 49, 20, 42, 40, 11, 1, 39, 13, 38, 29, 36, 25]
weights list(greater): [41, 19, 2, 28, 3, 8, 10, 47, 49, 37, 0, 39, 46, 9, 15, 5, 21, 23, 22, 27, 24, 12, 34, 16, 18, 43, 42, 1, 36, 31, 26, 4, 17, 14, 33, 25, 45, 32, 38, 20, 40, 6, 7, 35, 44, 30, 11, 13, 48, 29]
weights list(greater): [30, 19, 16, 3, 45, 21, 0, 26, 20, 41, 35, 4, 5, 47, 28, 42, 9, 31, 10, 1, 40, 46, 8, 49, 2, 32, 27, 7, 24, 25, 39, 13, 6, 15, 43, 14, 23, 37, 12, 36, 18, 17, 38, 33, 44, 22, 34, 48, 11, 29]
weights list(greater): [9, 12, 19, 31, 24, 4, 23, 27, 35, 2, 22, 30, 49, 33, 16, 45, 41, 32, 17, 15, 39, 3, 18, 44, 6, 20, 40, 28, 37, 46, 34, 11, 0, 48, 26, 10, 21, 43, 1, 42, 5, 47, 7, 29, 14, 38, 8, 13, 25, 36]
weights list(greater): [9, 41, 19, 3, 37, 0, 46, 8, 2, 28, 47, 16, 24, 10, 49, 5, 45, 17, 15, 18, 1, 21, 22, 39, 27, 42, 12, 14, 23, 36, 38, 4, 31, 25, 26, 34, 33, 43, 40, 20, 32, 30, 44, 11, 13, 7, 6, 35, 29, 48]
weights list(greater): [19, 30, 3, 16, 21, 20, 41, 0, 26, 45, 4, 8, 35, 40, 42, 10, 47, 27, 9, 31, 28, 32, 46, 5, 39, 14, 49, 24, 12, 2, 1, 6, 7, 43, 23, 13, 25, 22, 36, 33, 44, 37, 17, 38, 15, 34, 18, 11, 29, 48]
weights list(greater): [9, 35, 19, 6, 2, 3, 10, 24, 27, 49, 23, 15, 18, 44, 12, 31, 42, 22, 0, 45, 33, 17, 41, 34, 32, 4, 39, 28, 16, 26, 5, 46, 40, 43, 1, 37, 30, 47, 7, 11, 21, 48, 14, 25, 20, 29, 38, 8, 36, 13]
weights list(greater): [41, 19, 3, 8, 2, 9, 0, 46, 28, 10, 22, 21, 49, 47, 39, 42, 16, 14, 37, 18, 4, 17, 24, 34, 15, 45, 23, 31, 26, 12, 5, 1, 33, 27, 20, 38, 32, 36, 25, 43, 30, 44, 40, 7, 35, 6, 11, 13, 29, 48]
weights list(greater): [19, 30, 16, 3, 21, 40, 45, 20, 0, 8, 41, 4, 42, 26, 10, 47, 5, 46, 35, 28, 2, 32, 25, 1, 39, 31, 6, 27, 43, 49, 12, 22, 44, 7, 24, 14, 9, 34, 23, 13, 15, 36, 38, 18, 33, 17, 37, 11, 48, 29]
weights list(greater): [9, 35, 46, 22, 0, 10, 40, 19, 44, 2, 23, 49, 15, 6, 33, 42, 32, 31, 12, 24, 27, 28, 45, 34, 18, 1, 17, 4, 16, 41, 5, 47, 37, 26, 11, 30, 43, 3, 21, 39, 7, 20, 38, 25, 48, 36, 14, 8, 29, 13]
weights list(greater): [3, 41, 9, 0, 8, 19, 46, 2, 49, 10, 42, 21, 14, 28, 47, 16, 39, 23, 22, 12, 15, 37, 24, 40, 45, 17, 5, 31, 18, 4, 33, 34, 25, 27, 26, 36, 32, 20, 1, 43, 38, 35, 44, 7, 30, 6, 13, 11, 48, 29]
weights list(greater): [19, 30, 16, 3, 21, 10, 45, 0, 4, 1, 41, 20, 8, 40, 47, 5, 35, 26, 42, 32, 9, 2, 28, 49, 24, 44, 27, 46, 7, 25, 31, 43, 39, 13, 14, 22, 17, 37, 36, 6, 23, 38, 18, 34, 12, 15, 33, 11, 29, 48]
weights list(greater): [9, 35, 31, 22, 12, 42, 10, 0, 19, 3, 47, 15, 24, 1, 45, 44, 18, 2, 41, 27, 39, 17, 46, 28, 6, 32, 49, 37, 40, 4, 21, 11, 34, 5, 33, 38, 36, 30, 26, 43, 16, 48, 25, 7, 20, 23, 8, 14, 29, 13]
weights list(greater): [41, 3, 19, 8, 2, 14, 46, 47, 16, 21, 0, 28, 49, 10, 42, 45, 22, 4, 9, 23, 39, 26, 15, 12, 37, 25, 24, 31, 43, 40, 33, 17, 18, 7, 5, 36, 1, 32, 27, 34, 38, 6, 44, 20, 35, 30, 11, 13, 29, 48]
weights list(greater): [19, 3, 16, 30, 0, 45, 26, 40, 21, 8, 4, 42, 20, 35, 9, 24, 1, 41, 47, 5, 27, 31, 25, 10, 13, 28, 12, 2, 46, 32, 43, 7, 22, 6, 49, 39, 44, 36, 38, 17, 14, 15, 34, 33, 18, 23, 37, 11, 48, 29]
weights list(greater): [9, 42, 22, 39, 0, 35, 1, 24, 10, 47, 19, 41, 31, 2, 3, 49, 28, 44, 17, 5, 46, 27, 15, 12, 37, 6, 32, 18, 11, 30, 33, 45, 40, 4, 43, 26, 16, 21, 48, 38, 34, 23, 7, 20, 25, 36, 8, 14, 13, 29]
weights list(greater): [41, 19, 2, 16, 3, 45, 9, 46, 8, 0, 21, 28, 49, 10, 42, 22, 4, 37, 14, 47, 15, 5, 26, 31, 1, 40, 24, 25, 27, 23, 18, 17, 39, 32, 34, 36, 12, 44, 7, 20, 43, 6, 38, 33, 30, 11, 13, 35, 29, 48]
weights list(greater): [19, 30, 16, 3, 21, 40, 4, 26, 0, 20, 45, 8, 10, 5, 27, 35, 1, 41, 47, 42, 9, 32, 24, 31, 28, 46, 7, 49, 25, 2, 6, 13, 12, 14, 39, 18, 43, 44, 36, 17, 22, 34, 38, 23, 33, 37, 11, 15, 48, 29]
weights list(greater): [9, 35, 42, 10, 31, 12, 22, 24, 19, 1, 39, 0, 49, 5, 37, 46, 47, 2, 44, 17, 15, 3, 41, 27, 6, 28, 11, 45, 4, 21, 43, 36, 33, 32, 30, 18, 34, 26, 25, 38, 20, 40, 48, 8, 7, 23, 16, 14, 29, 13]
weights list(greater): [3, 41, 16, 21, 45, 46, 28, 19, 9, 2, 10, 0, 4, 8, 14, 47, 22, 42, 23, 32, 31, 39, 49, 26, 12, 24, 40, 15, 25, 1, 34, 27, 20, 18, 37, 5, 33, 43, 44, 36, 17, 30, 38, 7, 6, 13, 35, 11, 29, 48]
weights list(greater): [19, 3, 21, 30, 45, 16, 20, 40, 0, 27, 8, 1, 35, 26, 9, 5, 46, 10, 42, 4, 47, 41, 25, 2, 28, 32, 49, 24, 31, 13, 18, 23, 44, 17, 6, 39, 36, 43, 12, 22, 7, 34, 37, 38, 14, 15, 33, 11, 48, 29]
weights list(greater): [9, 35, 46, 22, 42, 31, 47, 12, 0, 10, 1, 41, 19, 5, 39, 24, 49, 3, 37, 2, 15, 11, 28, 44, 27, 17, 33, 25, 20, 38, 6, 36, 21, 32, 30, 45, 18, 8, 4, 34, 43, 26, 48, 7, 40, 16, 13, 29, 14, 23]
weights list(greater): [41, 3, 45, 8, 16, 0, 19, 2, 28, 10, 46, 21, 42, 4, 22, 9, 14, 32, 49, 40, 27, 47, 26, 37, 25, 39, 31, 12, 23, 18, 5, 1, 34, 24, 15, 20, 44, 36, 7, 17, 38, 43, 33, 6, 30, 13, 35, 11, 29, 48]
weights list(greater): [19, 40, 30, 16, 3, 21, 0, 45, 20, 35, 8, 47, 26, 27, 5, 4, 10, 41, 28, 46, 2, 31, 49, 1, 32, 42, 39, 9, 6, 14, 7, 24, 44, 43, 25, 23, 13, 22, 12, 36, 38, 18, 15, 17, 34, 33, 37, 11, 48, 29]
weights list(greater): [42, 35, 9, 39, 22, 46, 24, 0, 19, 41, 1, 5, 49, 10, 12, 17, 3, 47, 6, 2, 28, 8, 15, 31, 27, 37, 21, 36, 4, 20, 33, 11, 34, 32, 26, 43, 44, 25, 38, 45, 18, 30, 7, 48, 40, 16, 14, 23, 29, 13]
weights list(greater): [41, 46, 45, 16, 3, 0, 2, 8, 21, 10, 9, 42, 28, 22, 19, 32, 47, 24, 4, 31, 14, 23, 26, 39, 27, 20, 18, 1, 34, 17, 49, 40, 37, 15, 5, 33, 38, 36, 44, 43, 12, 25, 7, 30, 13, 6, 35, 11, 29, 48]
weights list(greater): [19, 30, 3, 45, 26, 40, 21, 16, 41, 20, 0, 10, 4, 35, 8, 47, 42, 5, 9, 46, 31, 27, 49, 13, 1, 32, 7, 28, 24, 39, 6, 12, 2, 22, 25, 43, 23, 44, 14, 36, 34, 18, 17, 38, 33, 15, 37, 48, 11, 29]
weights list(greater): [42, 24, 1, 9, 46, 5, 12, 0, 49, 19, 3, 35, 15, 10, 39, 28, 2, 22, 47, 37, 17, 8, 33, 31, 27, 41, 11, 20, 38, 6, 36, 43, 25, 34, 44, 32, 26, 30, 45, 18, 21, 4, 48, 7, 40, 29, 16, 13, 14, 23]
weights list(greater): [45, 3, 16, 41, 46, 2, 8, 21, 0, 28, 42, 10, 19, 9, 32, 31, 4, 22, 47, 40, 23, 14, 34, 27, 17, 12, 15, 24, 39, 26, 49, 1, 37, 20, 43, 5, 33, 44, 25, 30, 36, 38, 18, 7, 35, 6, 13, 11, 29, 48]
weights list(greater): [19, 30, 3, 21, 41, 26, 9, 16, 8, 0, 40, 4, 45, 25, 27, 20, 1, 47, 6, 35, 46, 2, 32, 10, 5, 42, 31, 44, 22, 28, 43, 49, 24, 34, 23, 12, 13, 7, 39, 36, 15, 18, 17, 33, 38, 14, 37, 11, 48, 29]
weights list(greater): [24, 1, 42, 19, 12, 39, 35, 0, 15, 5, 10, 46, 49, 22, 9, 28, 41, 3, 8, 36, 17, 27, 47, 31, 11, 2, 37, 20, 34, 4, 44, 33, 43, 6, 38, 32, 21, 25, 18, 26, 45, 30, 48, 40, 7, 16, 13, 29, 14, 23]
weights list(greater): [45, 41, 2, 3, 16, 21, 8, 0, 9, 46, 28, 42, 19, 32, 10, 24, 4, 22, 49, 18, 14, 31, 26, 23, 25, 47, 27, 40, 1, 36, 39, 34, 44, 37, 33, 17, 12, 15, 20, 43, 38, 30, 7, 5, 6, 35, 13, 11, 29, 48]
weights list(greater): [19, 16, 3, 21, 30, 40, 9, 0, 26, 35, 47, 45, 1, 4, 20, 32, 8, 41, 22, 27, 42, 5, 10, 31, 24, 28, 44, 13, 6, 2, 43, 46, 49, 25, 18, 36, 38, 7, 17, 12, 23, 33, 34, 39, 15, 37, 14, 11, 48, 29]
weights list(greater): [42, 24, 35, 46, 41, 39, 9, 15, 47, 19, 49, 5, 10, 0, 22, 12, 28, 36, 1, 3, 8, 31, 17, 25, 37, 34, 4, 2, 33, 20, 43, 27, 11, 6, 18, 44, 38, 26, 32, 21, 7, 48, 40, 45, 30, 13, 29, 16, 14, 23]
weights list(greater): [45, 3, 16, 21, 0, 41, 8, 42, 2, 9, 19, 46, 28, 10, 40, 4, 22, 32, 24, 18, 27, 31, 26, 14, 20, 44, 1, 25, 39, 49, 23, 47, 34, 36, 5, 12, 37, 33, 30, 38, 17, 15, 7, 43, 6, 13, 35, 11, 29, 48]
weights list(greater): [19, 30, 3, 16, 40, 26, 21, 20, 45, 4, 0, 1, 47, 24, 41, 8, 35, 27, 10, 46, 2, 32, 22, 13, 9, 42, 5, 25, 31, 6, 49, 44, 28, 38, 12, 43, 36, 18, 39, 14, 17, 23, 34, 7, 37, 33, 15, 11, 48, 29]
weights list(greater): [42, 46, 35, 39, 12, 22, 19, 41, 28, 15, 1, 8, 0, 10, 9, 3, 24, 31, 49, 27, 36, 20, 5, 11, 38, 37, 25, 2, 47, 4, 17, 43, 33, 44, 34, 18, 6, 21, 32, 45, 48, 30, 7, 26, 29, 40, 13, 16, 14, 23]
weights list(greater): [45, 19, 2, 3, 46, 16, 21, 8, 0, 28, 41, 9, 32, 42, 4, 40, 22, 31, 10, 24, 49, 26, 15, 47, 27, 34, 20, 1, 5, 17, 39, 44, 23, 18, 7, 6, 38, 43, 37, 25, 12, 30, 14, 33, 36, 13, 35, 11, 29, 48]
weights list(greater): [19, 30, 3, 40, 26, 8, 21, 0, 16, 20, 45, 4, 46, 41, 35, 6, 9, 47, 10, 2, 32, 42, 27, 5, 39, 28, 25, 12, 1, 24, 31, 49, 43, 44, 22, 23, 7, 15, 13, 36, 38, 33, 34, 14, 18, 17, 37, 48, 11, 29]
weights list(greater): [19, 9, 46, 49, 42, 15, 28, 41, 24, 8, 22, 35, 39, 5, 3, 12, 47, 1, 36, 0, 10, 20, 17, 37, 11, 2, 34, 18, 43, 25, 38, 4, 31, 27, 44, 33, 21, 6, 32, 26, 45, 30, 48, 7, 29, 13, 40, 16, 14, 23]
weights list(greater): [45, 16, 3, 41, 21, 8, 46, 4, 42, 24, 19, 0, 28, 32, 9, 2, 40, 10, 31, 44, 26, 22, 49, 1, 27, 17, 34, 18, 20, 14, 47, 30, 25, 6, 23, 15, 39, 43, 5, 12, 7, 37, 33, 38, 36, 13, 35, 11, 29, 48]
weights list(greater): [19, 3, 30, 21, 16, 40, 0, 26, 8, 4, 1, 27, 47, 41, 2, 5, 9, 35, 10, 46, 32, 45, 20, 6, 42, 44, 22, 24, 31, 25, 13, 43, 36, 38, 39, 7, 49, 28, 18, 23, 17, 12, 33, 34, 15, 14, 37, 11, 48, 29]
weights list(greater): [42, 19, 46, 9, 49, 35, 28, 41, 12, 39, 8, 15, 24, 5, 3, 1, 0, 36, 22, 20, 10, 47, 17, 2, 31, 43, 27, 38, 34, 11, 4, 37, 25, 18, 44, 32, 6, 33, 21, 48, 45, 26, 30, 7, 13, 40, 16, 29, 14, 23]
weights list(greater): [45, 41, 16, 21, 8, 28, 3, 19, 2, 42, 46, 4, 24, 9, 0, 32, 10, 26, 44, 27, 20, 22, 40, 31, 14, 34, 47, 39, 1, 18, 23, 15, 17, 49, 33, 12, 30, 5, 37, 38, 6, 43, 25, 7, 36, 35, 13, 11, 29, 48]
weights list(greater): [19, 40, 3, 16, 30, 26, 27, 45, 20, 21, 5, 4, 0, 24, 9, 10, 8, 46, 47, 1, 42, 35, 31, 6, 32, 2, 41, 28, 13, 43, 44, 49, 25, 38, 22, 12, 17, 14, 39, 7, 18, 36, 15, 23, 37, 34, 33, 11, 48, 29]
weights list(greater): [9, 35, 15, 42, 24, 49, 19, 28, 12, 8, 5, 41, 0, 20, 37, 47, 39, 2, 10, 46, 1, 3, 36, 17, 22, 11, 27, 18, 31, 34, 43, 38, 32, 4, 6, 44, 25, 33, 45, contaminated_client_indices:[12, 23, 18, 36, 32, 9, 4, 31, 29, 30, 25, 2, 8, 35, 44]
contaminated_client_indices:[25, 28, 4, 24, 6, 11, 42, 21, 47, 19, 43, 22, 49, 17, 12]
weights list(greater): [7, 37, 27, 46, 24, 19, 2, 31, 30, 29, 42, 38, 35, 21, 3, 8, 12, 33, 10, 6, 16, 44, 41, 36, 0, 28, 13, 22, 25, 5, 1, 40, 14, 39, 43, 9, 32, 18, 11, 34, 15, 20, 17, 23, 4, 48, 49, 45, 47, 26]
weights list(greater): [37, 46, 19, 38, 7, 27, 35, 22, 2, 24, 29, 21, 17, 41, 3, 31, 36, 10, 42, 39, 8, 0, 30, 12, 25, 32, 13, 43, 16, 5, 6, 33, 23, 44, 20, 9, 4, 1, 34, 18, 49, 40, 28, 14, 11, 48, 15, 47, 45, 26]
weights list(greater): [31, 2, 27, 7, 29, 33, 19, 17, 12, 26, 46, 28, 47, 42, 18, 9, 24, 0, 49, 13, 30, 41, 10, 25, 16, 11, 23, 35, 38, 4, 22, 45, 6, 20, 37, 15, 44, 8, 34, 21, 48, 3, 5, 14, 1, 32, 36, 43, 39, 40]
weights list(greater): [38, 7, 46, 37, 27, 35, 30, 41, 3, 29, 2, 10, 17, 31, 36, 12, 42, 24, 44, 21, 0, 8, 39, 32, 22, 9, 33, 45, 25, 19, 11, 6, 1, 20, 5, 40, 34, 43, 14, 23, 13, 18, 48, 49, 16, 47, 4, 28, 15, 26]
weights list(greater): [9, 27, 42, 16, 30, 37, 31, 49, 24, 2, 22, 17, 28, 6, 19, 48, 47, 29, 7, 41, 4, 3, 18, 25, 33, 8, 46, 10, 38, 44, 35, 13, 1, 0, 32, 21, 11, 26, 15, 34, 43, 5, 36, 45, 12, 20, 39, 14, 23, 40]
weights list(greater): [38, 2, 7, 27, 37, 29, 46, 25, 12, 8, 35, 30, 41, 17, 3, 36, 10, 31, 44, 23, 11, 39, 0, 6, 33, 21, 45, 42, 1, 22, 24, 18, 14, 34, 32, 9, 13, 16, 48, 5, 20, 4, 43, 40, 47, 15, 19, 26, 28, 49]
weights list(greater): [9, 27, 6, 24, 42, 31, 49, 25, 37, 28, 48, 22, 30, 16, 35, 41, 17, 7, 0, 1, 2, 11, 3, 10, 46, 18, 21, 43, 19, 4, 45, 44, 39, 20, 29, 12, 47, 5, 34, 32, 33, 8, 36, 38, 15, 13, 26, 40, 14, 23]
weights list(greater): [37, 27, 2, 38, 30, 25, 12, 8, 7, 17, 10, 29, 46, 3, 22, 31, 35, 6, 45, 28, 44, 16, 39, 41, 0, 24, 36, 11, 21, 20, 42, 1, 19, 14, 32, 43, 40, 47, 5, 33, 13, 23, 4, 18, 9, 34, 48, 15, 49, 26]
weights list(greater): [9, 31, 35, 37, 22, 2, 42, 49, 10, 41, 48, 20, 25, 24, 19, 6, 11, 28, 30, 46, 1, 0, 3, 18, 17, 39, 27, 7, 21, 15, 47, 5, 4, 33, 43, 8, 16, 36, 34, 26, 32, 45, 38, 44, 29, 12, 40, 13, 23, 14]
weights list(greater): [2, 27, 37, 30, 31, 7, 38, 25, 29, 12, 35, 44, 46, 41, 10, 8, 3, 11, 20, 24, 28, 17, 42, 0, 39, 6, 16, 45, 48, 1, 22, 36, 21, 32, 49, 9, 18, 34, 43, 4, 14, 33, 5, 19, 40, 47, 13, 23, 15, 26]
weights list(greater): [9, 35, 41, 2, 37, 10, 1, 8, 46, 22, 11, 3, 0, 20, 39, 24, 6, 33, 28, 25, 49, 5, 19, 42, 18, 15, 43, 36, 47, 31, 27, 21, 26, 34, 48, 30, 17, 44, 7, 32, 4, 16, 38, 45, 12, 29, 13, 40, 14, 23]
weights list(greater): [37, 27, 2, 8, 31, 7, 12, 25, 46, 6, 10, 35, 11, 29, 30, 24, 17, 3, 45, 44, 22, 38, 42, 0, 28, 16, 18, 1, 21, 32, 39, 19, 20, 41, 43, 47, 5, 33, 34, 23, 4, 9, 15, 48, 14, 36, 13, 26, 49, 40]
weights list(greater): [9, 37, 41, 8, 46, 35, 25, 0, 10, 11, 2, 22, 24, 39, 5, 3, 49, 1, 28, 33, 42, 36, 47, 27, 20, 19, 31, 15, 43, 34, 26, 18, 21, 6, 30, 17, 7, 48, 32, 44, 38, 16, 45, 4, 29, 13, 40, 14, 23, 12]
weights list(greater): [37, 2, 31, 25, 27, 8, 46, 11, 18, 3, 7, 6, 16, 35, 10, 22, 30, 42, 45, 24, 12, 38, 29, 28, 32, 0, 44, 41, 47, 19, 39, 21, 20, 5, 1, 17, 48, 4, 9, 43, 15, 36, 33, 34, 49, 23, 13, 14, 26, 40]
weights list(greater): [41, 37, 39, 15, 24, 0, 46, 8, 33, 5, 25, 2, 1, 19, 11, 35, 3, 47, 36, 49, 9, 10, 18, 22, 34, 6, 28, 42, 20, 43, 38, 31, 27, 17, 21, 30, 44, 32, 48, 7, 26, 16, 4, 45, 29, 13, 40, 14, 23, 12]
weights list(greater): [37, 2, 8, 27, 31, 25, 18, 11, 46, 7, 6, 16, 38, 45, 22, 3, 0, 41, 35, 30, 47, 24, 29, 44, 12, 21, 1, 10, 17, 28, 39, 48, 32, 42, 19, 49, 36, 4, 43, 9, 5, 15, 20, 34, 33, 13, 23, 14, 26, 40]
weights list(greater): [41, 8, 5, 9, 2, 37, 46, 10, 47, 39, 35, 28, 0, 3, 1, 19, 6, 20, 49, 11, 33, 36, 24, 25, 18, 38, 31, 42, 15, 43, 21, 26, 22, 27, 34, 44, 17, 16, 32, 30, 4, 48, 7, 40, 45, 29, 13, 23, 14, 12]
weights list(greater): [37, 8, 2, 6, 25, 31, 27, 18, 38, 11, 46, 7, 22, 47, 0, 35, 3, 41, 39, 30, 29, 10, 1, 44, 24, 28, 16, 45, 5, 32, 4, 42, 9, 43, 48, 15, 21, 20, 12, 36, 17, 19, 34, 33, 23, 49, 13, 14, 26, 40]
weights list(greater): [0, 2, 8, 41, 5, 47, 1, 35, 33, 46, 24, 49, 15, 39, 37, 28, 3, 10, 9, 42, 19, 11, 36, 18, 21, 20, 34, 43, 6, 31, 22, 38, 27, 25, 17, 26, 44, 32, 4, 30, 48, 7, 16, 40, 13, 45, 29, 23, 14, 12]
weights list(greater): [2, 18, 27, 6, 37, 8, 31, 11, 46, 35, 1, 38, 25, 7, 22, 24, 41, 10, 0, 16, 47, 39, 28, 45, 29, 44, 5, 30, 32, 20, 15, 9, 42, 43, 4, 48, 12, 36, 21, 3, 19, 17, 33, 34, 49, 13, 26, 23, 14, 40]
weights list(greater): [5, 41, 37, 2, 9, 19, 3, 0, 8, 46, 24, 47, 28, 15, 49, 25, 39, 10, 1, 36, 35, 18, 11, 42, 33, 34, 31, 22, 43, 21, 6, 20, 17, 16, 27, 44, 32, 7, 38, 30, 26, 48, 4, 45, 40, 14, 23, 29, 13, 12]
weights list(greater): [2, 8, 37, 6, 27, 18, 11, 35, 31, 1, 25, 46, 7, 22, 10, 30, 0, 39, 38, 28, 24, 15, 20, 4, 47, 48, 5, 42, 41, 43, 29, 32, 44, 49, 17, 16, 36, 12, 45, 9, 21, 3, 19, 34, 13, 33, 26, 23, 40, 14]
weights list(greater): [19, 37, 41, 47, 5, 2, 39, 25, 3, 0, 28, 42, 9, 49, 46, 24, 35, 33, 8, 10, 15, 18, 17, 1, 36, 31, 21, 43, 22, 16, 34, 6, 11, 27, 32, 20, 38, 44, 7, 45, 30, 40, 26, 48, 4, 14, 13, 29, 23, 12]
weights list(greater): [2, 6, 1, 37, 25, 8, 11, 35, 0, 42, 15, 27, 22, 10, 46, 38, 18, 31, 41, 28, 24, 39, 3, 5, 48, 36, 47, 20, 17, 49, 9, 7, 30, 21, 43, 16, 44, 32, 45, 12, 4, 29, 34, 26, 19, 33, 13, 23, 40, 14]
weights list(greater): [19, 41, 37, 0, 3, 2, 5, 8, 35, 42, 9, 46, 49, 28, 47, 1, 39, 25, 18, 36, 10, 24, 15, 21, 31, 17, 33, 43, 16, 38, 22, 20, 11, 45, 34, 27, 32, 6, 4, 44, 7, 40, 13, 30, 48, 23, 14, 26, 29, 12]
weights list(greater): [2, 6, 1, 37, 25, 8, 11, 15, 42, 31, 46, 28, 22, 47, 27, 3, 38, 24, 39, 35, 10, 41, 18, 5, 43, 49, 0, 21, 36, 9, 48, 7, 17, 30, 20, 33, 12, 34, 16, 44, 32, 19, 4, 29, 45, 26, 23, 13, 14, 40]
weights list(greater): [37, 19, 9, 46, 0, 41, 5, 3, 2, 47, 24, 15, 8, 28, 18, 49, 36, 21, 35, 43, 42, 39, 17, 1, 33, 38, 10, 25, 22, 16, 20, 34, 27, 31, 11, 45, 6, 32, 44, 4, 40, 30, 7, 14, 48, 13, 23, 26, 29, 12]
weights list(greater): [2, 25, 8, 11, 15, 37, 6, 28, 1, 46, 24, 22, 3, 5, 42, 36, 39, 18, 35, 49, 17, 10, 47, 41, 0, 38, 31, 43, 34, 9, 27, 7, 19, 48, 21, 33, 30, 12, 20, 32, 4, 44, 16, 29, 45, 26, 13, 23, 40, 14]
weights list(greater): [19, 37, 9, 49, 2, 3, 46, 0, 21, 28, 41, 5, 45, 42, 47, 17, 35, 10, 36, 8, 18, 43, 24, 31, 39, 1, 16, 27, 34, 25, 32, 20, 33, 11, 15, 22, 4, 6, 40, 30, 14, 23, 7, 44, 38, 48, 13, 26, 12, 29]
weights list(greater): [2, 11, 25, 15, 37, 28, 8, 22, 1, 6, 46, 35, 18, 24, 39, 47, 10, 17, 41, 3, 5, 36, 27, 31, 0, 43, 49, 9, 20, 42, 48, 38, 34, 7, 32, 21, 30, 33, 26, 12, 4, 44, 19, 29, 16, 45, 13, 40, 23, 14]
weights list(greater): [37, 0, 19, 41, 46, 2, 9, 42, 5, 35, 45, 21, 47, 3, 28, 17, 49, 16, 39, 10, 14, 8, 36, 25, 43, 33, 31, 24, 18, 15, 34, 11, 1, 22, 32, 27, 20, 23, 44, 30, 6, 4, 40, 7, 26, 48, 38, 13, 12, 29]
weights list(greater): [2, 15, 11, 8, 25, 39, 37, 22, 46, 41, 28, 24, 18, 10, 36, 0, 35, 5, 38, 3, 6, 47, 42, 1, 20, 17, 43, 27, 49, 34, 33, 9, 21, 48, 19, 32, 12, 30, 31, 7, 44, 4, 26, 29, 45, 16, 13, 40, 23, 14]
weights list(greater): [42, 41, 0, 21, 37, 9, 46, 5, 17, 14, 35, 45, 3, 2, 16, 19, 28, 49, 33, 47, 43, 34, 24, 36, 31, 10, 23, 32, 22, 20, 39, 1, 8, 15, 27, 11, 18, 25, 40, 30, 4, 44, 7, 6, 38, 12, 48, 26, 13, 29]
weights list(greater): [2, 25, 11, 15, 8, 28, 46, 47, 1, 39, 37, 35, 36, 24, 17, 5, 49, 18, 41, 42, 34, 3, 0, 22, 6, 10, 38, 9, 27, 43, 19, 33, 20, 31, 48, 30, 32, 7, 21, 12, 44, 4, 26, 29, 16, 45, 13, 40, 23, 14]
weights list(greater): [45, 21, 42, 0, 9, 2, 41, 46, 17, 5, 35, 3, 16, 28, 19, 37, 18, 33, 49, 43, 36, 34, 8, 10, 31, 47, 24, 14, 22, 1, 39, 27, 20, 32, 4, 25, 23, 15, 11, 38, 40, 12, 7, 13, 30, 6, 44, 26, 48, 29]
weights list(greater): [2, 37, 15, 25, 46, 28, 11, 39, 8, 49, 36, 47, 24, 1, 35, 0, 17, 3, 5, 22, 34, 42, 41, 6, 27, 9, 10, 18, 33, 43, 38, 19, 31, 48, 20, 7, 12, 32, 26, 30, 44, 21, 4, 16, 29, 45, 13, 23, 40, 14]
weights list(greater): [45, 21, 3, 16, 0, 42, 41, 46, 9, 37, 35, 5, 17, 23, 43, 19, 47, 28, 10, 34, 49, 2, 36, 22, 14, 33, 24, 32, 31, 27, 20, 1, 25, 39, 8, 4, 18, 15, 30, 40, 7, 12, 6, 11, 26, 44, 38, 13, 48, 29]
weights list(greater): [2, 46, 15, 8, 25, 39, 11, 5, 1, 0, 36, 49, 42, 17, 28, 3, 24, 37, 22, 34, 33, 41, 47, 35, 10, 19, 18, 38, 43, 9, 27, 6, 12, 20, 31, 21, 48, 7, 26, 32, 30, 4, 44, 29, 16, 13, 45, 23, 40, 14]
weights list(greater): [45, 42, 0, 21, 41, 16, 3, 46, 5, 35, 2, 9, 17, 19, 33, 47, 28, 37, 8, 34, 32, 1, 31, 43, 20, 23, 10, 36, 27, 49, 40, 22, 14, 24, 18, 25, 39, 12, 4, 15, 26, 11, 30, 44, 7, 6, 38, 13, 48, 29]
weights list(greater): [2, 8, 25, 39, 15, 11, 46, 35, 28, 37, 10, 36, 24, 22, 5, 34, 49, 1, 0, 33, 17, 27, 41, 43, 18, 47, 9, 38, 20, 42, 31, 19, 21, 6, 3, 48, 12, 30, 32, 26, 7, 44, 4, 29, 13, 45, 16, 40, 23, 14]
weights list(greater): [45, 42, 0, 41, 21, 16, 3, 5, 9, 46, 2, 19, 28, 23, 47, 43, 24, 35, 17, 20, 33, 27, 10, 4, 37, 31, 32, 14, 34, 22, 36, 49, 8, 18, 12, 30, 25, 1, 15, 38, 40, 7, 26, 11, 39, 6, 13, 44, 48, 29]
weights list(greater): [2, 25, 37, 8, 39, 11, 46, 28, 15, 0, 35, 24, 1, 47, 36, 34, 17, 5, 33, 41, 49, 18, 22, 19, 10, 3, 42, 9, 38, 20, 31, 27, 6, 43, 12, 21, 48, 30, 7, 4, 32, 44, 26, 29, 13, 16, 45, 23, 40, 14]
weights list(greater): [45, 16, 0, 21, 9, 46, 3, 42, 41, 2, 5, 4, 37, 18, 23, 35, 31, 12, 17, 32, 20, 10, 24, 43, 36, 27, 28, 34, 33, 47, 40, 1, 19, 8, 30, 22, 14, 25, 7, 38, 49, 11, 26, 15, 13, 6, 44, 39, 29, 48]
weights list(greater): [2, 25, 8, 46, 37, 39, 28, 11, 47, 49, 1, 0, 15, 41, 5, 24, 22, 3, 18, 19, 36, 33, 17, 9, 35, 34, 42, 43, 27, 10, 6, 38, 31, 20, 21, 32, 12, 30, 48, 7, 44, 4, 26, 29, 16, 13, 45, 23, 40, 14]
weights list(greater): [45, 0, 16, 41, 21, 3, 42, 9, 5, 46, 31, 2, 35, 28, 17, 40, 23, 24, 10, 19, 43, 47, 4, 12, 22, 32, 36, 1, 33, 8, 26, 18, 27, 39, 49, 34, 20, 25, 37, 6, 14, 30, 11, 15, 7, 38, 13, 44, 48, 29]
weights list(greater): [2, 25, 39, 8, 28, 11, 46, 0, 24, 37, 5, 22, 41, 34, 47, 49, 33, 18, 15, 3, 35, 19, 10, 42, 17, 36, 1, 38, 31, 27, 20, 21, 9, 43, 6, 26, 7, 48, 30, 32, 12, 4, 44, 16, 29, 13, 45, 23, 40, 14]
weights list(greater): [45, 0, 42, 21, 16, 9, 41, 35, 46, 3, 5, 40, 4, 10, 28, 12, 23, 24, 32, 20, 31, 17, 2, 43, 33, 1, 22, 37, 27, 34, 8, 18, 36, 47, 49, 38, 30, 19, 14, 25, 7, 11, 39, 26, 6, 44, 15, 13, 29, 48]
weights list(greater): [2, 28, 25, 39, 0, 24, 46, 11, 8, 5, 19, 33, 49, 22, 18, 35, 37, 1, 10, 42, 41, 34, 17, 15, 47, 43, 31, 27, 38, 3, 20, 6, 21, 36, 26, 32, 7, 9, 48, 12, 4, 44, 30, 29, 16, 13, 45, 23, 40, 14]
weights list(greater): [45, 0, 16, 42, 3, 9, 46, 21, 41, 20, 2, 5, 40, 35, 24, 10, 27, 4, 12, 23, 32, 47, 34, 22, 17, 8, 28, 31, 1, 43, 18, 33, 14, 30, 25, 19, 49, 39, 11, 36, 26, 38, 37, 6, 7, 44, 15, 13, 48, 29]
weights list(greater): [2, 25, 28, 39, 8, 11, 0, 24, 37, 5, 46, 15, 35, 49, 1, 19, 33, 22, 41, 18, 38, 10, 17, 27, 34, 47, 3, 20, 43, 42, 36, 21, 31, 32, 6, 9, 44, 48, 7, 26, 4, 12, 30, 29, 16, 13, 45, 23, 40, 14]
weights list(greater): [45, 3, 0, 42, 46, 2, 24, 10, 16, 20, 21, 31, 5, 9, 35, 4, 12, 40, 32, 27, 47, 28, 41, 34, 22, 33, 43, 1, 8, 23, 39, 26, 36, 49, 18, 6, 7, 37, 17, 25, 14, 30, 44, 38, 19, 15, 11, 13, 48, 29]
weights list(greater): [25, 2, 39, 0, 46, 28, 1, 37, 11, 8, 5, 41, 24, 15, 33, 47, 22, 36, 10, 35, 17, 42, 19, 34, 49, 31, 3, 18, 21, 27, 7, 20, 38, 43, 6, 9, 32, 26, 44, 48, 30, 4, 12, 16, 29, 13, 45, 23, 40, 14]
weights list(greater): [0, 16, 42, 45, 2, 3, 41, 21, 46, 31, 47, 4, 20, 12, 9, 35, 10, 24, 27, 33, 22, 32, 43, 40, 28, 34, 5, 1, 49, 19, 17, 8, 39, 36, 23, 18, 7, 6, 25, 26, 30, 14, 15, 37, 44, 13, 38, 11, 48, 29]
weights list(greater): [25, 2, 28, 8, 39, 37, 35, 49, 11, 24, 1, 0, 33, 46, 22, 19, 47, 41, 38, 43, 20, 15, 36, 10, 32, 17, 18, 21, 5, 27, 34, 31, 7, 9, 6, 3, 26, 42, 48, 44, 30, 4, 16, 12, 29, 45, 13, 40, 23, 14]
weights list(greater): [45, 0, 16, 9, 31, 46, 21, 42, 5, 3, 4, 10, 35, 2, 41, 12, 40, 24, 8, 32, 22, 30, 26, 27, 47, 43, 1, 20, 34, 33, 28, 18, 36, 17, 39, 19, 38, 6, 25, 7, 44, 14, 23, 49, 13, 11, 15, 37, 29, 48]
weights list(greater): [2, 25, 39, 28, 11, 15, 24, 49, 0, 33, 35, 37, 46, 47, 8, 22, 41, 3, 1, 7, 31, 17, 19, 18, 6, 10, 34, 36, 38, 9, 43, 5, 42, 21, 20, 32, 27, 26, 48, 44, 4, 12, 30, 29, 16, 45, 23, 13, 14, 40]
weights list(greater): [45, 0, 9, 16, 3, 42, 2, 31, 24, 46, 21, 40, 4, 10, 41, 35, 5, 32, 43, 12, 20, 1, 27, 8, 30, 22, 33, 18, 34, 28, 23, 26, 7, 36, 47, 44, 17, 38, 13, 19, 39, 14, 25, 49, 6, 37, 11, 15, 29, 48]
weights list(greater): [2, 39, 25, 37, 11, 8, 15, 49, 28, 46, 0, 24, 22, 41, 33, 5, 35, 19, 47, 1, 18, 42, 3, 36, 17, 10, 43, 34, 31, 9, 7, 27, 6, 21, 20, 12, 38, 32, 44, 48, 30, 4, 26, 16, 29, 45, 13, 23, 40, 14]
weights list(greater): [45, 3, 0, 41, 2, 21, 40, 42, 20, 31, 16, 12, 46, 24, 9, 4, 10, 35, 32, 8, 27, 47, 28, 22, 1, 5, 30, 23, 26, 43, 34, 33, 17, 36, 25, 18, 19, 38, 37, 6, 49, 39, 15, 13, 7, 44, 11, 14, 29, 48]
weights list(greater): [25, 2, 37, 28, 8, 15, 39, 11, 0, 24, 35, 33, 22, 41, 1, 47, 3, 10, 49, 42, 43, 18, 5, 46, 7, 21, 6, 31, 12, 20, 32, 19, 9, 34, 17, 36, 27, 38, 48, 26, 30, 44, 4, 16, 29, 45, 13, 23, 14, 40]
weights list(greater): [0, 45, 9, 16, 42, 20, 2, 4, 31, 24, 3, 40, 35, 41, 21, 46, 12, 27, 10, 8, 5, 22, 30, 43, 32, 1, 28, 18, 34, 33, 26, 47, 17, 36, 23, 25, 14, 38, 13, 49, 6, 19, 44, 37, 7, 11, 15, 39, 29, 48]
weights list(greater): [2, 39, 15, 28, 25, 37, 11, 8, 35, 24, 0, 33, 46, 22, 49, 41, 18, 17, 20, 31, 1, 19, 42, 21, 43, 10, 34, 6, 47, 38, 3, 9, 5, 32, 27, 7, 36, 48, 12, 44, 4, 26, 30, 16, 29, 45, 23, 13, 40, 14]
weights list(greater): [45, 0, 9, 16, 2, 41, 3, 40, 31, 42, 20, 12, 4, 24, 46, 35, 8, 21, 5, 1, 28, 32, 10, 27, 30, 33, 22, 26, 34, 47, 19, 18, 43, 38, 6, 39, 49, 17, 23, 36, 25, 7, 15, 14, 44, 13, 37, 11, 29, 48]
weights list(greater): [2, 15, 25, 39, 11, 0, 37, 28, 8, 35, 33, 18, 41, 22, 24, 47, 36, 17, 10, 49, 46, 3, 34, 43, 1, 42, 38, 5, 27, 21, 7, 20, 31, 6, 19, 32, 12, 9, 48, 44, 26, 30, 16, 4, 29, 45, 13, 40, 23, 14]
weights list(greater): [45, 41, 0, 3, 2, 9, 42, 31, 4, 16, 40, 46, 12, 24, 10, 21, 1, 27, 32, 8, 5, 35, 20, 33, 22, 47, 30, 26, 43, 28, 34, 38, 18, 44, 6, 36, 19, 25, 49, 7, 39, 17, 23, 13, 37, 15, 14, 11, 29, 48]
weights list(greater): [2, 8, 39, 37, 41, 0, 11, 25, 35, 15, 28, 47, 42, 17, 33, 43, 22, 10, 1, 20, 24, 31, 27, 12, 34, 7, 18, 36, 21, 46, 38, 6, 26, 32, 44, 19, 49, 48, 5, 3, 4, 9, 30, 16, 29, 45, 13, 23, 40, 14]
weights list(greater): [0, 45, 16, 2, 21, 46, 12, 20, 3, 4, 40, 31, 35, 24, 9, 41, 27, 32, 10, 5, 43, 34, 22, 28, 1, 42, 47, 30, 33, 18, 8, 23, 17, 26, 36, 38, 49, 44, 25, 6, 19, 7, 39, 15, 14, 13, 11, 37, 48, 29]
weights list(greater): [2, 39, 25, 11, 0, 8, 37, 15, 41, 24, 33, 47, 42, 22, 28, 10, 18, 17, 21, 35, 43, 31, 49, 20, 36, 46, 3, 34, 27, 9, 7, 32, 16, 5, 1, 19, 12, 38, 44, 6, 4, 30, 26, 48, 29, 45, 14, 13, 23, 40]
weights list(greater): [0, 2, 41, 45, 3, 12, 35, 16, 31, 46, 10, 9, 21, 40, 4, 24, 28, 5, 27, 32, 20, 1, 22, 42, 34, 33, 43, 30, 26, 8, 7, 47, 44, 36, 18, 38, 23, 17, 39, 13, 6, 25, 49, 19, 14, 15, 11, 37, 29, 48]
weights list(greater): [2, 8, 25, 39, 0, 37, 28, 15, 33, 11, 47, 42, 41, 49, 36, 43, 19, 35, 17, 18, 22, 46, 10, 20, 24, 3, 34, 31, 5, 21, 1, 9, 27, 12, 7, 32, 4, 6, 48, 44, 16, 30, 38, 26, 29, 45, 13, 14, 23, 40]
weights list(greater): [45, 2, 40, 0, 16, 9, 1, 35, 20, 12, 3, 10, 31, 21, 24, 5, 46, 41, 27, 42, 4, 32, 47, 28, 8, 30, 22, 43, 34, 17, 26, 33, 23, 44, 39, 6, 18, 36, 14, 19, 38, 49, 25, 7, 13, 15, 37, 11, 48, 29]
weights list(greater): [2, 37, 8, 25, 11, 42, 41, 35, 33, 39, 18, 15, 0, 22, 49, 10, 36, 17, 24, 20, 47, 9, 34, 46, 19, 31, 43, 5, 28, 3, 21, 1, 7, 27, 32, 4, 12, 16, 44, 26, 30, 6, 48, 38, 29, 45, 14, 13, 23, 40]
weights list(greater): [45, 2, 16, 3, 0, 46, 24, 12, 9, 35, 4, 40, 10, 27, 31, 41, 1, 32, 21, 20, 22, 8, 43, 42, 30, 33, 34, 5, 47, 44, 28, 13, 26, 18, 36, 38, 17, 6, 39, 49, 7, 23, 19, 11, 37, 14, 25, 15, 29, 48]
weights list(greater): [2, 25, 41, 37, 8, 39, 42, 33, 11, 43, 18, 0, 36, 15, 10, 35, 20, 47, 3, 21, 22, 24, 1, 7, 28, 9, 31, 34, 49, 12, 5, 19, 46, 17, 4, 27, 30, 16, 26, 48, 44, 32, 6, 38, 45, 29, 14, 23, 13, 40]
weights list(greater): [0, 20, 45, 12, 9, 2, 40, 16, 3, 4, 46, 24, 31, 10, 1, 27, 35, 32, 41, 28, 8, 42, 26, 44, 22, 33, 5, 38, 47, 30, 18, 21, 43, 34, 39, 6, 15, 17, 49, 19, 36, 13, 7, 14, 23, 25, 11, 37, 29, 48]
weights list(greater): [2, 37, 25, 42, 39, 41, 8, 36, 0, 10, 20, 35, 21, 43, 22, 33, 19, 11, 34, 3, 5, 24, 9, 15, 1, 46, 31, 49, 17, 28, 47, 7, 18, 38, 27, 12, 32, 30, 44, 6, 4, 16, 26, 48, 29, 45, 13, 23, 14, 40]
weights list(greater): [2, 16, 9, 0, 40, 12, 31, 24, 46, 45, 3, 4, 35, 10, 41, 20, 28, 27, 32, 30, 42, 5, 22, 1, 8, 44, 33, 26, 18, 34, 21, 43, 38, 47, 6, 23, 49, 13, 25, 36, 39, 17, 19, 14, 7, 15, 11, 37, 29, 48]
weights list(greater): [2, 25, 39, 37, 8, 36, 11, 0, 15, 41, 46, 24, 22, 49, 9, 43, 19, 47, 42, 33, 10, 35, 34, 1, 18, 3, 20, 5, 28, 31, 21, 7, 38, 27, 32, 30, 44, 12, 17, 4, 16, 26, 48, 29, 6, 45, 13, 23, 14, 40]
weights list(greater): [2, 0, 3, 45, 16, 40, 31, 12, 35, 24, 10, 1, 4, 9, 42, 27, 46, 22, 20, 32, 21, 33, 28, 8, 5, 41, 43, 6, 47, 26, 30, 44, 38, 7, 25, 34, 49, 17, 36, 18, 19, 23, 39, 13, 15, 14, 11, 37, 29, 48]
weights list(greater): [2, 39, 37, 41, 25, 42, 15, 11, 0, 36, 3, 47, 10, 49, 46, 24, 9, 22, 8, 35, 21, 19, 43, 33, 31, 20, 7, 16, 18, 34, 32, 26, 1, 38, 44, 5, 30, 28, 27, 12, 17, 4, 48, 6, 45, 29, 13, 14, 23, 40]
weights list(greater): [0, 40, 12, 46, 45, 1, 9, 31, 3, 4, 2, 10, 35, 16, 32, 41, 27, 42, 47, 20, 28, 30, 26, 22, 21, 39, 5, 24, 8, 33, 44, 19, 6, 23, 38, 7, 43, 34, 17, 49, 18, 15, 36, 13, 25, 14, 11, 37, 29, 48]
weights list(greater): [2, 39, 37, 25, 8, 41, 15, 42, 33, 36, 10, 0, 22, 3, 20, 11, 24, 34, 9, 19, 1, 21, 47, 43, 18, 28, 46, 27, 35, 31, 16, 7, 49, 12, 26, 32, 5, 30, 17, 48, 44, 4, 38, 45, 29, 6, 23, 14, 13, 40]
weights list(greater): [45, 40, 2, 0, 3, 46, 31, 24, 12, 4, 9, 47, 27, 1, 41, 28, 26, 16, 20, 35, 30, 22, 32, 10, 21, 42, 8, 6, 34, 44, 43, 33, 7, 5, 19, 38, 39, 25, 49, 17, 23, 18, 15, 13, 36, 14, 11, 37, 29, 48]
weights list(greater): [2, 25, 41, 37, 39, 42, 3, 8, 36, 19, 15, 0, 10, 11, 21, 33, 24, 22, 1, 34, 18, 9, 46, 43, 47, 16, 7, 28, 5, 27, 49, 20, 35, 30, 31, 44, 12, 32, 48, 17, 4, 45, 26, 38, 14, 6, 29, 23, 13, 40]
weights list(greater): [12, 0, 40, 45, 2, 16, 4, 1, 3, 24, 46, 31, 41, 20, 9, 32, 35, 27, 26, 10, 5, 8, 44, 21, 33, 42, 22, 30, 28, 47, 6, 34, 23, 43, 39, 49, 18, 38, 36, 13, 19, 17, 25, 14, 7, 15, 11, 37, 29, 48]
weights list(greater): [2, 25, 37, 42, 41, 3, 36, 19, 0, 8, 15, 33, 18, 21, 39, 11, 7, 22, 10, 9, 34, 47, 28, 24, 43, 1, 35, 46, 5, 45, 16, 30, 49, 31, 12, 4, 20, 48, 26, 27, 38, 44, 32, 14, 17, 29, 6, 23, 13, 40]
weights list(greater): [2, 0, 1, 45, 12, 3, 24, 40, 30, 9, 27, 31, 4, 16, 20, 41, 32, 46, 26, 22, 47, 28, 42, 8, 5, 10, 43, 38, 35, 44, 21, 33, 18, 34, 6, 7, 39, 25, 19, 15, 23, 17, 49, 36, 13, 11, 37, 14, 29, 48]
weights list(greater): [2, 25, 37, 41, 3, 28, 36, 42, 39, 19, 15, 47, 46, 8, 49, 18, 21, 33, 24, 1, 31, 0, 34, 10, 11, 22, 9, 7, 5, 16, 35, 27, 20, 32, 4, 43, 12, 30, 38, 26, 44, 17, 48, 29, 6, 14, 23, 45, 13, 40]
weights list(greater): [40, 2, 12, 0, 45, 27, 24, 31, 46, 16, 4, 30, 1, 3, 9, 20, 8, 35, 10, 28, 41, 32, 22, 44, 5, 38, 42, 34, 26, 47, 33, 43, 18, 6, 17, 7, 21, 23, 49, 13, 39, 19, 36, 25, 14, 15, 37, 11, 29, 48]
weights list(greater): [42, 25, 37, 41, 3, 19, 2, 39, 36, 0, 15, 49, 18, 24, 28, 21, 33, 46, 5, 8, 1, 10, 11, 47, 43, 22, 12, 9, 31, 35, 27, 32, 16, 7, 4, 34, 38, 20, 17, 30, 26, 48, 44, 45, 14, 29, 23, 6, 13, 40]
weights list(greater): [3, 0, 2, 45, 1, 12, 24, 31, 40, 4, 46, 10, 27, 30, 42, 5, 8, 35, 32, 16, 9, 41, 20, 26, 22, 28, 47, 6, 43, 21, 34, 33, 38, 44, 19, 15, 18, 49, 25, 39, 7, 36, 13, 17, 23, 14, 11, 37, 48, 29]
weights list(greater): [37, 25, 42, 2, 19, 41, 28, 8, 3, 0, 49, 46, 15, 36, 39, 5, 33, 10, 18, 21, 24, 1, 22, 47, 27, 31, 12, 43, 34, 9, 38, 17, 35, 32, 30, 16, 11, 26, 4, 7, 20, 44, 45, 48, 29, 14, 6, 23, 13, 40]
weights list(greater): [2, 40, 0, 1, 10, 24, 9, 45, 31, 8, 3, 16, 4, 20, 44, 12, 27, 46, 30, 5, 43, 22, 35, 33, 26, 41, 42, 18, 34, 21, 47, 32, 38, 6, 7, 28, 13, 36, 17, 49, 19, 23, 39, 25, 37, 15, 11, 14, 29, 48]
weights list(greater): [2, 37, 42, 0, 19, 25, 8, 41, 3, 49, 21, 36, 39, 46, 15, 33, 47, 12, 22, 28, 31, 26, 34, 24, 5, 16, 18, 10, 9, 7, 4, 38, 1, 30, 27, 35, 32, 20, 43, 11, 44, 45, 23, 17, 48, 14, 29, 6, 13, 40]
weights list(greater): [40, 20, 9, 0, 12, 16, 46, 31, 45, 3, 4, 24, 27, 42, 2, 35, 1, 8, 41, 30, 10, 32, 26, 5, 22, 44, 28, 33, 34, 6, 47, 43, 18, 21, 38, 17, 19, 36, 49, 13, 7, 39, 15, 25, 11, 23, 14, 37, 48, 29]
weights list(greater): [25, 37, 19, 2, 42, 46, 8, 49, 3, 36, 41, 18, 28, 21, 15, 0, 22, 33, 5, 12, 39, 10, 31, 9, 38, 35, 27, 24, 16, 43, 1, 34, 47, 32, 14, 4, 45, 7, 20, 30, 44, 11, 48, 17, 26, 29, 23, 13, 6, 40]
weights list(greater): [45, 1, 40, 0, 41, 3, 24, 2, 46, 35, 12, 30, 9, 16, 27, 26, 4, 31, 21, 10, 47, 8, 42, 6, 20, 5, 43, 32, 33, 22, 28, 38, 44, 19, 34, 17, 25, 18, 49, 7, 39, 15, 36, 13, 23, 11, 14, 37, 29, 48]
weights list(greater): [37, 0, 19, 21, 2, 42, 25, 8, 49, 3, 28, 36, 22, 41, 15, 24, 46, 39, 10, 47, 5, 18, 9, 16, 27, 31, 33, 1, 35, 43, 32, 34, 12, 17, 7, 30, 26, 11, 38, 4, 20, 44, 23, 45, 48, 29, 14, 13, 6, 40]
weights list(greater): [40, 45, 2, 1, 0, 12, 3, 9, 27, 20, 31, 24, 5, 16, 46, 10, 4, 44, 26, 41, 42, 30, 43, 32, 33, 8, 47, 28, 35, 22, 21, 38, 34, 6, 18, 15, 19, 7, 13, 49, 36, 23, 39, 17, 25, 14, 11, 37, 29, 48]
weights list(greater): [37, 25, 42, 41, 19, 2, 21, 3, 28, 8, 36, 12, 16, 0, 47, 18, 24, 33, 39, 31, 10, 49, 22, 1, 34, 46, 9, 38, 5, 15, 43, 32, 27, 45, 4, 11, 30, 35, 7, 20, 23, 26, 44, 17, 14, 48, 29, 13, 6, 40]
weights list(greater): [2, 3, 40, 0, 12, 1, 45, 41, 24, 4, 31, 20, 10, 35, 9, 16, 32, 27, 8, 26, 46, 22, 30, 5, 6, 47, 33, 28, 44, 38, 43, 42, 34, 21, 39, 18, 49, 19, 17, 7, 13, 25, 23, 15, 36, 14, 11, 37, 29, 48]
weights list(greater): [19, 42, 25, 2, 8, 37, 21, 41, 0, 24, 49, 10, 3, 16, 36, 22, 46, 12, 43, 39, 18, 47, 33, 31, 27, 9, 1, 15, 32, 35, 28, 38, 20, 5, 34, 30, 45, 44, 14, 7, 4, 26, 11, 17, 29, 48, 23, 13, 6, 40]
weights list(greater): [2, 40, 3, 45, 12, 41, 1, 0, 31, 27, 24, 4, 46, 10, 8, 47, 32, 22, 9, 35, 44, 26, 20, 5, 21, 30, 28, 6, 33, 39, 42, 43, 34, 16, 38, 19, 15, 7, 18, 23, 25, 17, 13, 49, 36, 14, 11, 37, 29, 48]
weights list(greater): [25, 19, 42, 41, 37, 2, 8, 0, 36, 21, 3, 18, 49, 28, 10, 12, 46, 22, 24, 33, 47, 39, 16, 1, 31, 15, 34, 9, 43, 32, 5, 27, 45, 4, 35, 30, 38, 7, 11, 44, 20, 26, 14, 17, 48, 23, 29, 13, 6, 40]
weights list(greater): [40, 1, 12, 9, 0, 2, 45, 3, 24, 41, 8, 31, 27, 46, 32, 16, 4, 20, 30, 35, 28, 26, 10, 6, 47, 44, 39, 5, 22, 38, 42, 21, 19, 34, 17, 49, 43, 18, 33, 23, 25, 14, 7, 13, 15, 36, 11, 37, 29, 48]
weights list(greater): [25, 42, 19, 21, 16, 2, 41, 37, 12, 3, 8, 10, 18, 49, 1, 34, 23, 47, 14, 36, 39, 22, 31, 24, 28, 32, 0, 5, 15, 33, 9, 7, 46, 43, 27, 45, 35, 4, 30, 20, 38, 11, 26, 44, 29, 48, 17, 13, 6, 40]
weights list(greater): [40, 2, 45, 1, 12, 0, 24, 31, 27, 3, 10, 41, 32, 35, 9, 44, 46, 30, 28, 20, 4, 16, 42, 22, 26, 8, 5, 34, 33, 47, 21, 43, 6, 38, 18, 19, 17, 39, 23, 49, 13, 7, 25, 14, 36, 15, 11, 37, 29, 48]
weights list(greater): [19, 21, 25, 42, 2, 16, 37, 12, 41, 46, 10, 22, 47, 45, 28, 1, 39, 34, 3, 31, 8, 23, 36, 32, 24, 49, 33, 43, 5, 18, 14, 0, 35, 27, 15, 7, 9, 38, 30, 4, 44, 20, 26, 11, 48, 29, 17, 13, 6, 40]
weights list(greater): [0, 1, 40, 2, 3, 46, 12, 27, 41, 45, 10, 44, 20, 4, 35, 9, 32, 31, 24, 28, 30, 42, 33, 16, 22, 26, 47, 8, 43, 34, 21, 5, 6, 19, 39, 18, 38, 17, 7, 13, 49, 36, 25, 23, 15, 14, 37, 11, 29, 48]
weights list(greater): [19, 25, 12, 42, 21, 41, 2, 37, 16, 36, 1, 10, 24, 0, 22, 3, 23, 28, 45, 31, 8, 46, 5, 34, 49, 18, 35, 32, 15, 33, 39, 38, 43, 47, 4, 9, 7, 27, 20, 44, 11, 30, 26, 14, 17, 29, 48, 13, 6, 40]
weights list(greater): [40, 45, 1, 2, 0, 12, 3, 20, 31, 24, 10, 26, 30, 27, 46, 5, 35, 44, 8, 41, 9, 42, 4, 16, 38, 47, 22, 21, 32, 43, 28, 18, 34, 33, 6, 36, 17, 19, 39, 49, 25, 13, 15, 11, 7, 23, 14, 37, 29, 48]
weights list(greater): [25, 19, 41, 45, 12, 16, 21, 42, 8, 0, 2, 37, 49, 1, 5, 3, 47, 43, 36, 31, 23, 28, 22, 9, 10, 32, 39, 4, 35, 24, 27, 18, 30, 33, 20, 15, 34, 7, 14, 44, 11, 26, 38, 46, 29, 48, 17, 13, 40, 6]
weights list(greater): [2, 1, 40, 12, 45, 20, 3, 0, 24, 9, 4, 35, 31, 16, 27, 32, 30, 46, 8, 44, 41, 5, 10, 26, 28, 6, 33, 42, 47, 22, 34, 43, 38, 21, 17, 19, 39, 18, 49, 25, 13, 36, 7, 15, 23, 14, 29, 37, 11, 48]
weights list(greater): [16, 42, 12, 37, 19, 1, 25, 14, 3, 24, 36, 41, 0, 47, 21, 18, 2, 23, 32, 45, 4, 35, 31, 9, 8, 43, 28, 20, 22, 46, 33, 39, 49, 27, 34, 30, 10, 7, 11, 5, 15, 44, 26, 38, 29, 17, 48, 13, 6, 40]
weights list(greater): [2, 40, 45, 0, 24, 27, 31, 3, 12, 41, 10, 1, 16, 9, 44, 46, 8, 20, 35, 22, 4, 32, 28, 5, 26, 30, 47, 33, 38, 43, 6, 34, 42, 39, 18, 21, 19, 7, 13, 36, 17, 25, 49, 14, 23, 15, 11, 37, 29, 48]
weights list(greater): [16, 25, 42, 19, 12, 0, 23, 45, 21, 3, 41, 1, 18, 47, 2, 28, 14, 24, 31, 5, 43, 32, 37, 36, 10, 35, 22, 39, 9, 27, 20, 8, 30, 49, 15, 4, 46, 44, 34, 7, 33, 38, 11, 29, 26, 17, 48, 13, 6, 40]
weights list(greater): [40, 2, 1, 0, 45, 12, 9, 3, 24, 41, 4, 30, 8, 27, 31, 10, 26, 28, 42, 22, 46, 44, 20, 16, 35, 33, 32, 5, 34, 6, 18, 38, 21, 47, 43, 19, 49, 17, 39, 36, 23, 15, 25, 7, 13, 14, 11, 37, 29, 48]
weights list(greater): [41, 25, 21, 19, 16, 42, 12, 0, 3, 14, 24, 1, 45, 2, 49, 23, 10, 32, 28, 46, 31, 47, 43, 18, 22, 36, 5, 8, 35, 4, 34, 39, 20, 9, 7, 30, 37, 27, 15, 44, 26, 33, 11, 38, 17, 29, 48, 13, 6, 40]
weights list(greater): [40, 2, 3, 9, 0, 45, 12, 31, 10, 24, 16, 1, 27, 44, 46, 30, 35, 8, 26, 32, 22, 5, 33, 4, 28, 41, 42, 20, 38, 18, 6, 34, 43, 47, 13, 21, 17, 7, 36, 19, 49, 25, 39, 23, 14, 15, 11, 37, 29, 48]
weights list(greater): [45, 16, 25, 19, 21, 12, 42, 23, 1, 3, 28, 14, 32, 37, 2, 47, 0, 10, 41, 46, 24, 18, 49, 5, 9, 4, 27, 8, 31, 34, 30, 43, 35, 33, 39, 22, 36, 7, 20, 15, 44, 38, 11, 29, 17, 26, 48, 13, 6, 40]
weights list(greater): [2, 0, 45, 12, 40, 1, 3, 41, 24, 32, 31, 46, 10, 4, 9, 16, 27, 35, 44, 26, 47, 22, 28, 20, 30, 33, 21, 34, 6, 5, 8, 38, 43, 42, 19, 17, 39, 49, 15, 18, 7, 25, 23, 13, 14, 36, 37, 11, 29, 48]
weights list(greater): [19, 12, 16, 2, 42, 23, 45, 25, 21, 41, 47, 49, 14, 32, 3, 31, 28, 35, 18, 8, 34, 24, 1, 5, 10, 26, 9, 30, 4, 43, 22, 27, 37, 46, 0, 44, 39, 36, 7, 33, 15, 20, 11, 29, 38, 17, 48, 13, 6, 40]
weights list(greater): [40, 1, 3, 2, 45, 12, 0, 10, 16, 20, 31, 27, 24, 9, 8, 35, 44, 28, 32, 4, 41, 46, 26, 30, 33, 5, 42, 6, 22, 38, 47, 43, 34, 21, 49, 15, 17, 19, 18, 39, 13, 7, 25, 36, 23, 14, 37, 11, 29, 48]
weights list(greater): [19, 16, 42, 45, 25, 12, 21, 23, 14, 47, 0, 3, 8, 24, 22, 5, 28, 41, 32, 10, 1, 31, 18, 35, 2, 4, 46, 43, 39, 27, 9, 30, 33, 49, 44, 36, 34, 20, 15, 7, 37, 29, 26, 11, 38, 17, 48, 13, 6, 40]
weights list(greater): [2, 1, 40, 0, 3, 12, 9, 24, 31, 45, 30, 20, 10, 44, 46, 27, 16, 8, 5, 32, 38, 28, 26, 41, 4, 33, 35, 42, 22, 47, 21, 6, 43, 18, 34, 39, 19, 13, 25, 7, 36, 23, 17, 49, 15, 14, 29, 11, 37, 48]
weights list(greater): [16, 45, 19, 12, 23, 42, 14, 25, 41, 24, 21, 31, 46, 32, 28, 47, 2, 27, 18, 8, 5, 43, 0, 22, 1, 4, 3, 10, 34, 30, 35, 49, 39, 9, 20, 36, 7, 15, 44, 37, 33, 38, 29, 11, 26, 17, 48, 13, 40, 6]
weights list(greater): [2, 3, 12, 40, 31, 1, 45, 24, 9, 0, 10, 35, 46, 27, 20, 8, 30, 4, 26, 5, 32, 44, 38, 41, 28, 16, 34, 47, 22, 33, 42, 6, 43, 49, 39, 18, 7, 21, 13, 17, 19, 36, 25, 23, 15, 14, 11, 37, 29, 48]
weights list(greater): [45, 19, 16, 42, 12, 21, 23, 31, 2, 24, 14, 32, 28, 1, 0, 25, 18, 27, 47, 10, 41, 8, 49, 30, 46, 5, 35, 9, 43, 3, 4, 44, 39, 22, 34, 37, 20, 33, 36, 15, 38, 29, 7, 11, 26, 48, 17, 13, 40, 6]
weights list(greater): [40, 3, 45, 1, 2, 12, 9, 31, 0, 10, 24, 35, 20, 27, 46, 4, 44, 26, 41, 30, 33, 47, 16, 8, 32, 21, 5, 6, 28, 42, 22, 38, 43, 19, 34, 17, 7, 39, 23, 25, 15, 18, 49, 13, 36, 14, 37, 11, 29, 48]
weights list(greater): [45, 16, 19, 42, 12, 0, 21, 23, 1, 24, 32, 9, 31, 22, 2, 41, 46, 30, 47, 28, 10, 49, 14, 5, 18, 25, 43, 34, 3, 27, 35, 4, 33, 8, 20, 44, 39, 7, 36, 37, 26, 29, 15, 11, 38, 48, 17, 13, 6, 40]
weights list(greater): [2, 40, 12, 1, 8, 0, 9, 31, 27, 20, 24, 45, 46, 10, 44, 16, 30, 5, 3, 26, 35, 28, 32, 33, 47, 42, 22, 18, 4, 21, 38, 34, 6, 43, 41, 15, 19, 39, 17, 14, 49, 13, 36, 25, 7, 23, 11, 37, 29, 48]
weights list(greater): [45, 19, 16, 21, 32, 42, 23, 12, 0, 24, 47, 25, 14, 10, 1, 28, 35, 31, 2, 22, 18, 46, 30, 43, 3, 41, 20, 27, 9, 8, 4, 44, 34, 49, 7, 15, 33, 5, 36, 39, 29, 37, 11, 26, 38, 17, 48, 13, 40, 6]
weights list(greater): [40, 2, 12, 3, 45, 9, 32, 1, 24, 0, 31, 27, 41, 10, 16, 30, 4, 35, 44, 28, 5, 46, 26, 33, 47, 20, 38, 6, 8, 43, 34, 18, 42, 22, 39, 21, 19, 49, 7, 17, 25, 23, 13, 36, 15, 14, 11, 29, 37, 48]
weights list(greater): [45, 19, 16, 42, 21, 0, 41, 1, 12, 28, 10, 31, 32, 20, 14, 18, 46, 47, 22, 27, 24, 2, 23, 9, 35, 43, 3, 8, 30, 49, 5, 25, 4, 37, 44, 34, 39, 33, 36, 7, 15, 29, 26, 11, 38, 17, 48, 13, 40, 6]
weights list(greater): [3, 45, 40, 1, 16, 12, 24, 31, 9, 2, 46, 35, 8, 0, 10, 4, 27, 26, 30, 41, 44, 28, 5, 22, 38, 20, 21, 47, 32, 43, 42, 6, 34, 19, 18, 49, 33, 17, 25, 7, 39, 13, 36, 15, 23, 14, 11, 37, 29, 48]
weights list(greater): [45, 19, 16, 12, 21, 0, 42, 32, 41, 46, 14, 28, 1, 23, 10, 47, 31, 24, 22, 27, 35, 43, 8, 30, 49, 25, 2, 9, 5, 18, 34, 44, 3, 4, 26, 20, 39, 7, 15, 33, 37, 29, 36, 38, 11, 48, 17, 13, 40, 6]
weights list(greater): [40, 12, 45, 3, 26, 1, 2, 9, 0, 24, 27, 10, 30, 8, 46, 4, 31, 35, 20, 44, 41, 28, 22, 32, 47, 5, 34, 33, 21, 16, 6, 38, 43, 49, 19, 42, 39, 15, 25, 18, 7, 17, 13, 23, 36, 14, 37, 29, 11, 48]
weights list(greater): [45, 12, 41, 47, 42, 16, 0, 19, 32, 21, 28, 46, 23, 18, 31, 10, 24, 3, 9, 43, 1, 8, 4, 35, 5, 30, 44, 25, 27, 22, 14, 49, 34, 2, 20, 33, 7, 26, 39, 15, 37, 36, 29, 11, 38, 48, 17, 13, 40, 6]
weights list(greater): [40, 1, 12, 2, 0, 10, 31, 27, 24, 45, 3, 44, 30, 8, 9, 16, 20, 4, 26, 46, 5, 35, 22, 38, 32, 42, 47, 28, 34, 33, 6, 41, 43, 21, 17, 49, 19, 39, 18, 36, 15, 13, 25, 23, 7, 14, 37, 11, 29, 48]
weights list(greater): [45, 19, 21, 47, 42, 0, 32, 46, 10, 2, 30, 18, 31, 41, 9, 16, 28, 20, 1, 8, 12, 24, 44, 4, 27, 22, 34, 5, 43, 33, 3, 7, 35, 25, 15, 23, 29, 49, 14, 39, 26, 36, 37, 11, 38, 48, 17, 13, 40, 6]
weights list(greater): [40, 2, 12, 3, 1, 45, 31, 35, 0, 9, 46, 8, 20, 24, 10, 27, 4, 16, 26, 44, 41, 32, 30, 28, 5, 22, 33, 43, 47, 6, 42, 39, 38, 17, 34, 13, 21, 18, 7, 49, 36, 19, 23, 15, 25, 14, 37, 29, 11, 48]
weights list(greater): [45, 19, 21, 47, 42, 32, 16, 0, 30, 28, 23, 20, 46, 41, 12, 9, 10, 27, 31, 2, 44, 1, 18, 43, 22, 3, 8, 5, 24, 25, 14, 4, 49, 33, 35, 7, 34, 26, 15, 29, 39, 37, 11, 36, 38, 48, 17, 13, 40, 6]
weights list(greater): [40, 1, 3, 2, 12, 45, 9, 8, 24, 27, 30, 0, 46, 10, 31, 5, 44, 32, 26, 20, 35, 41, 33, 22, 4, 28, 16, 42, 18, 47, 43, 38, 6, 21, 19, 49, 34, 39, 17, 25, 14, 36, 13, 23, 15, 7, 11, 37, 29, 48]
weights list(greater): [45, 19, 32, 21, 42, 47, 0, 10, 12, 18, 31, 46, 30, 20, 41, 28, 24, 16, 1, 44, 35, 27, 22, 4, 9, 8, 3, 2, 25, 34, 39, 43, 23, 5, 14, 15, 33, 49, 7, 29, 38, 37, 26, 11, 36, 17, 48, 13, 40, 6]
weights list(greater): [40, 2, 12, 3, 1, 10, 0, 27, 24, 31, 8, 9, 44, 45, 46, 32, 4, 30, 41, 20, 33, 28, 22, 35, 26, 47, 5, 6, 42, 38, 34, 16, 43, 49, 19, 21, 18, 39, 17, 25, 7, 13, 23, 36, 15, 14, 11, 29, 48, 37]
weights list(greater): [19, 45, 16, 42, 21, 32, 46, 12, 47, 2, 41, 44, 18, 31, 10, 35, 24, 9, 20, 39, 3, 49, 30, 8, 1, 5, 25, 23, 27, 43, 22, 14, 15, 4, 28, 7, 29, 34, 0, 26, 37, 33, 36, 11, 38, 17, 48, 40, 13, 6]
weights list(greater): [2, 40, 12, 1, 24, 3, 8, 0, 31, 27, 4, 45, 30, 26, 9, 20, 10, 41, 32, 16, 35, 44, 46, 42, 5, 47, 33, 28, 22, 38, 6, 34, 39, 43, 49, 21, 17, 19, 18, 25, 7, 23, 15, 13, 36, 14, 37, 11, 29, 48]
weights list(greater): [45, 32, 19, 47, 41, 42, 9, 44, 28, 20, 21, 30, 12, 2, 31, 10, 8, 46, 14, 4, 0, 18, 27, 3, 43, 24, 23, 5, 34, 7, 35, 16, 49, 25, 29, 22, 33, 1, 15, 37, 39, 36, 26, 11, 38, 48, 17, 13, 40, 6]
weights list(greater): [40, 2, 45, 12, 1, 41, 3, 20, 31, 27, 35, 10, 0, 9, 24, 46, 30, 44, 8, 28, 26, 33, 16, 4, 47, 32, 5, 22, 42, 39, 43, 6, 38, 49, 34, 19, 21, 18, 17, 7, 13, 36, 23, 25, 15, 14, 29, 11, 37, 48]
weights list(greater): [45, 19, 42, 32, 21, 47, 10, 20, 9, 28, 12, 44, 24, 30, 18, 46, 31, 41, 8, 27, 0, 3, 35, 43, 4, 2, 16, 22, 1, 34, 29, 23, 37, 33, 25, 26, 14, 15, 5, 7, 49, 39, 38, 11, 36, 48, 17, 40, 13, 6]
weights list(greater): [40, 12, 2, 3, 24, 45, 31, 0, 30, 27, 41, 1, 4, 10, 26, 35, 28, 46, 9, 16, 20, 32, 8, 6, 38, 44, 47, 39, 22, 42, 33, 21, 5, 49, 17, 34, 43, 19, 15, 25, 23, 18, 14, 36, 7, 13, 37, 11, 29, 48]
weights list(greater): [45, 19, 21, 24, 47, 42, 44, 9, 28, 32, 41, 10, 46, 18, 4, 0, 27, 20, 43, 34, 31, 35, 2, 3, 30, 12, 22, 23, 8, 5, 1, 16, 49, 7, 29, 39, 25, 33, 15, 14, 36, 37, 11, 17, 38, 26, 48, 13, 40, 6]
weights list(greater): [40, 2, 1, 46, 12, 31, 27, 10, 0, 24, 9, 3, 26, 8, 44, 30, 33, 45, 41, 20, 4, 35, 32, 47, 28, 34, 22, 38, 16, 6, 43, 5, 21, 39, 42, 19, 25, 49, 18, 17, 23, 15, 7, 13, 36, 14, 11, 37, 29, 48]
weights list(greater): [45, 19, 42, 21, 44, 47, 27, 9, 32, 12, 28, 24, 41, 43, 0, 18, 46, 2, 31, 3, 30, 10, 22, 20, 8, 35, 49, 34, 16, 4, 23, 5, 39, 1, 29, 7, 15, 25, 33, 14, 37, 11, 17, 26, 36, 38, 48, 40, 13, 6]
weights list(greater): [1, 2, 40, 3, 12, 45, 0, 24, 9, 10, 30, 26, 8, 31, 27, 16, 20, 46, 44, 4, 33, 41, 35, 47, 28, 22, 32, 43, 42, 6, 5, 38, 21, 34, 19, 18, 49, 17, 15, 25, 39, 7, 23, 36, 13, 37, 14, 29, 11, 48]
weights list(greater): [45, 42, 21, 19, 32, 24, 30, 28, 9, 44, 10, 18, 31, 47, 41, 20, 27, 46, 12, 43, 4, 2, 8, 34, 35, 1, 23, 16, 5, 22, 49, 33, 3, 29, 0, 7, 14, 15, 39, 36, 26, 17, 11, 25, 37, 48, 38, 40, 13, 6]
weights list(greater): [40, 1, 3, 45, 2, 8, 0, 27, 12, 24, 31, 30, 10, 35, 26, 22, 9, 41, 20, 44, 46, 38, 43, 32, 4, 47, 5, 16, 33, 34, 28, 21, 42, 6, 18, 49, 39, 17, 19, 25, 15, 13, 36, 7, 14, 23, 37, 11, 29, 48]
weights list(greater): [21, 19, 28, 45, 10, 41, 27, 46, 44, 9, 42, 24, 20, 30, 47, 31, 32, 8, 16, 43, 18, 2, 3, 0, 4, 12, 22, 5, 29, 1, 49, 35, 34, 23, 15, 39, 7, 14, 33, 37, 25, 36, 26, 17, 11, 48, 40, 38, 13, 6]
weights list(greater): [2, 40, 1, 3, 12, 45, 9, 10, 31, 4, 0, 8, 20, 46, 30, 24, 5, 41, 26, 44, 35, 27, 32, 6, 42, 38, 28, 47, 33, 16, 22, 18, 49, 43, 39, 21, 19, 17, 15, 34, 25, 23, 7, 36, 13, 14, 11, 29, 37, 48]
weights list(greater): [45, 21, 44, 24, 10, 42, 28, 19, 20, 2, 18, 27, 46, 9, 30, 12, 32, 41, 8, 43, 3, 22, 47, 31, 29, 4, 0, 35, 23, 34, 5, 39, 1, 15, 16, 7, 49, 33, 26, 25, 17, 11, 14, 36, 37, 48, 38, 40, 13, 6]
weights list(greater): [40, 1, 3, 12, 31, 2, 10, 45, 24, 8, 32, 27, 41, 0, 4, 9, 28, 44, 46, 26, 30, 22, 33, 20, 6, 47, 35, 16, 42, 38, 43, 49, 34, 18, 21, 5, 19, 7, 39, 17, 25, 15, 23, 36, 13, 14, 29, 11, 37, 48]
weights list(greater): [45, 19, 44, 42, 21, 20, 30, 24, 46, 10, 2, 9, 32, 18, 47, 28, 27, 8, 1, 41, 12, 43, 7, 0, 29, 4, 35, 5, 22, 3, 33, 31, 15, 23, 34, 16, 39, 11, 49, 36, 26, 37, 48, 17, 25, 14, 38, 40, 13, 6]
weights list(greater): [40, 9, 2, 3, 45, 1, 12, 24, 10, 46, 27, 30, 8, 31, 16, 0, 35, 38, 26, 44, 22, 20, 32, 43, 28, 6, 41, 33, 18, 4, 5, 42, 47, 34, 21, 17, 13, 49, 39, 19, 36, 7, 25, 15, 23, 14, 11, 37, 29, 48]
weights list(greater): [45, 21, 42, 44, 20, 10, 19, 28, 24, 27, 9, 18, 30, 41, 0, 4, 46, 43, 5, 32, 34, 3, 35, 47, 1, 31, 12, 8, 22, 16, 29, 33, 7, 39, 26, 2, 25, 15, 49, 23, 14, 17, 11, 37, 36, 38, 48, 13, 40, 6]
weights list(greater): [40, 1, 9, 2, 12, 24, 31, 8, 10, 46, 0, 30, 27, 45, 3, 41, 20, 35, 33, 44, 26, 16, 4, 38, 5, 42, 6, 32, 28, 22, 34, 39, 47, 43, 17, 18, 49, 13, 19, 21, 7, 36, 15, 25, 14, 23, 11, 29, 37, 48]
weights list(greater): [45, 21, 32, 19, 0, 46, 28, 42, 27, 44, 10, 18, 47, 9, 24, 3, 20, 8, 35, 30, 31, 22, 41, 43, 4, 34, 29, 1, 2, 7, 16, 49, 39, 5, 33, 12, 23, 26, 14, 15, 37, 25, 11, 48, 36, 17, 38, 40, 13, 6]
weights list(greater): [40, 2, 1, 45, 3, 8, 9, 12, 0, 31, 10, 24, 27, 30, 46, 26, 20, 35, 22, 44, 5, 4, 33, 41, 38, 32, 6, 42, 16, 47, 28, 34, 43, 21, 19, 13, 39, 18, 25, 49, 17, 7, 36, 15, 14, 23, 37, 29, 11, 48]
weights list(greater): [21, 44, 45, 42, 20, 27, 10, 19, 22, 28, 9, 0, 31, 24, 47, 41, 30, 18, 32, 35, 8, 43, 4, 46, 5, 3, 29, 2, 12, 34, 7, 39, 1, 16, 23, 15, 49, 26, 33, 17, 37, 14, 11, 48, 25, 36, 38, 40, 13, 6]
weights list(greater): [40, 2, 12, 3, 31, 1, 27, 0, 45, 10, 26, 46, 41, 9, 32, 24, 44, 35, 8, 6, 30, 4, 28, 22, 20, 33, 47, 5, 34, 42, 49, 43, 21, 16, 38, 39, 19, 18, 25, 17, 23, 15, 7, 36, 13, 14, 11, 29, 37, 48]
weights list(greater): [19, 21, 42, 44, 9, 45, 10, 47, 20, 22, 28, 46, 24, 41, 0, 27, 30, 35, 8, 31, 32, 18, 43, 3, 39, 29, 1, 7, 4, 34, 33, 12, 5, 49, 2, 15, 23, 26, 16, 25, 17, 14, 48, 11, 37, 36, 38, 40, 13, 6]
weights list(greater): [2, 45, 3, 40, 12, 1, 9, 24, 27, 10, 46, 8, 30, 31, 0, 22, 28, 44, 4, 41, 35, 33, 47, 20, 26, 5, 43, 34, 32, 42, 6, 21, 38, 16, 19, 18, 7, 15, 25, 49, 39, 17, 36, 13, 23, 14, 37, 11, 29, 48]
weights list(greater): [44, 19, 0, 21, 42, 10, 47, 27, 20, 41, 22, 46, 24, 28, 9, 30, 18, 45, 29, 35, 31, 4, 5, 43, 34, 7, 1, 8, 3, 12, 16, 2, 32, 39, 33, 15, 26, 49, 23, 17, 14, 11, 37, 38, 25, 48, 36, 40, 13, 6]
weights list(greater): [40, 1, 3, 24, 9, 2, 45, 12, 30, 27, 31, 0, 46, 10, 20, 8, 44, 22, 33, 6, 5, 32, 42, 4, 26, 41, 43, 38, 28, 35, 47, 16, 34, 19, 39, 49, 17, 21, 18, 7, 25, 36, 13, 23, 15, 14, 11, 29, 37, 48]
weights list(greater): [21, 19, 44, 42, 46, 22, 47, 30, 10, 27, 28, 9, 45, 0, 18, 41, 20, 31, 24, 5, 4, 32, 29, 35, 8, 43, 49, 33, 2, 3, 7, 34, 39, 15, 1, 12, 26, 16, 23, 17, 14, 37, 48, 11, 38, 36, 40, 25, 13, 6]
weights list(greater): [40, 12, 3, 10, 1, 2, 46, 9, 27, 45, 31, 0, 41, 8, 24, 26, 30, 32, 20, 22, 44, 35, 33, 4, 47, 28, 43, 34, 5, 6, 38, 42, 16, 21, 18, 49, 19, 15, 17, 7, 25, 36, 13, 39, 23, 14, 37, 11, 29, 48]
weights list(greater): [21, 19, 10, 9, 42, 44, 24, 46, 45, 27, 47, 30, 41, 28, 31, 0, 20, 18, 4, 22, 34, 8, 29, 35, 3, 43, 5, 2, 33, 32, 7, 39, 16, 1, 49, 15, 12, 37, 23, 38, 40, 11, 36, 26, 17, 48, 14, 25, 13, 6]
weights list(greater): [40, 2, 45, 1, 12, 10, 3, 31, 0, 27, 30, 26, 8, 24, 9, 46, 20, 35, 4, 44, 41, 22, 38, 6, 32, 47, 16, 33, 5, 42, 28, 21, 34, 43, 18, 49, 17, 19, 39, 25, 7, 15, 13, 36, 23, 14, 37, 29, 11, 48]
weights list(greater): [44, 19, 10, 21, 46, 9, 27, 47, 22, 24, 28, 0, 42, 45, 30, 18, 4, 20, 8, 41, 31, 29, 35, 43, 2, 1, 3, 32, 34, 7, 5, 12, 49, 39, 33, 16, 37, 15, 11, 26, 48, 17, 23, 40, 38, 14, 36, 25, 13, 6]
weights list(greater): [40, 3, 1, 45, 2, 9, 27, 10, 31, 24, 12, 8, 46, 35, 0, 30, 22, 26, 44, 5, 41, 33, 20, 47, 38, 6, 34, 32, 42, 43, 4, 16, 28, 21, 7, 19, 18, 39, 17, 49, 25, 36, 15, 13, 14, 23, 11, 37, 29, 48]
weights list(greater): [44, 21, 19, 47, 0, 9, 24, 27, 10, 42, 28, 30, 18, 22, 31, 46, 29, 20, 4, 45, 41, 8, 3, 43, 35, 5, 34, 12, 7, 16, 32, 39, 33, 2, 1, 49, 15, 17, 23, 14, 11, 40, 37, 36, 26, 48, 25, 38, 13, 6]
weights list(greater): [40, 1, 2, 12, 0, 3, 10, 27, 45, 31, 20, 46, 9, 44, 30, 24, 26, 4, 41, 8, 35, 22, 33, 5, 28, 42, 32, 6, 47, 34, 16, 38, 43, 17, 49, 21, 19, 7, 18, 39, 25, 36, 23, 15, 13, 14, 11, 37, 29, 48]
weights list(greater): [44, 20, 21, 19, 0, 42, 45, 10, 46, 9, 22, 30, 24, 28, 47, 27, 31, 18, 8, 29, 35, 41, 43, 4, 3, 34, 5, 7, 32, 1, 33, 12, 2, 15, 39, 26, 16, 37, 49, 14, 11, 25, 23, 40, 48, 17, 36, 13, 38, 6]
weights list(greater): [40, 1, 9, 2, 31, 3, 45, 10, 24, 46, 30, 27, 0, 12, 8, 20, 26, 16, 44, 32, 38, 35, 22, 5, 33, 41, 18, 43, 28, 47, 42, 4, 21, 34, 6, 17, 36, 13, 39, 49, 7, 19, 23, 25, 15, 14, 11, 29, 37, 48]
weights list(greater): [44, 21, 20, 22, 9, 19, 27, 24, 42, 10, 18, 46, 0, 47, 28, 45, 31, 41, 4, 8, 35, 29, 30, 34, 43, 3, 5, 7, 2, 32, 12, 33, 1, 26, 15, 39, 49, 16, 40, 23, 48, 37, 25, 14, 17, 11, 36, 38, 13, 6]
weights list(greater): [40, 2, 45, 9, 31, 10, 3, 27, 12, 0, 1, 24, 46, 26, 8, 44, 22, 4, 35, 20, 41, 30, 28, 32, 43, 47, 42, 34, 5, 6, 33, 18, 39, 38, 16, 17, 19, 13, 21, 49, 7, 36, 15, 23, 25, 14, 11, 37, 29, 48]
weights list(greater): [44, 21, 24, 22, 47, 10, 46, 9, 27, 42, 30, 0, 19, 18, 20, 4, 45, 28, 29, 31, 35, 41, 3, 8, 43, 7, 5, 1, 12, 32, 34, 33, 15, 2, 39, 49, 17, 16, 40, 26, 23, 25, 11, 38, 37, 48, 14, 36, 13, 6]
weights list(greater): [1, 2, 40, 9, 3, 24, 8, 10, 45, 12, 31, 16, 27, 46, 0, 44, 26, 4, 43, 22, 32, 5, 47, 30, 20, 42, 33, 41, 6, 28, 35, 38, 34, 17, 18, 21, 49, 19, 39, 7, 36, 25, 13, 23, 15, 14, 11, 37, 29, 48]
weights list(greater): [44, 21, 19, 47, 10, 22, 24, 20, 42, 27, 46, 9, 0, 4, 41, 18, 30, 28, 31, 29, 8, 43, 35, 45, 3, 34, 7, 2, 5, 39, 12, 32, 33, 49, 16, 1, 26, 40, 38, 15, 23, 37, 48, 17, 11, 14, 25, 36, 13, 6]
weights list(greater): [40, 1, 2, 45, 3, 31, 12, 8, 24, 9, 26, 0, 46, 41, 27, 10, 30, 44, 35, 32, 20, 28, 33, 6, 22, 38, 4, 47, 5, 16, 42, 49, 17, 21, 18, 43, 19, 15, 34, 25, 39, 23, 36, 14, 13, 7, 37, 11, 29, 48]
weights list(greater): [44, 21, 19, 24, 46, 42, 9, 20, 10, 47, 18, 22, 45, 0, 30, 27, 8, 28, 4, 31, 29, 35, 41, 43, 3, 7, 34, 32, 39, 40, 2, 5, 12, 33, 15, 49, 1, 16, 38, 26, 11, 14, 48, 17, 37, 23, 36, 13, 25, 6]
weights list(greater): [40, 2, 10, 45, 1, 3, 9, 24, 31, 12, 8, 30, 0, 41, 27, 44, 28, 35, 46, 4, 32, 20, 26, 22, 43, 33, 47, 5, 6, 38, 34, 42, 18, 16, 7, 21, 19, 39, 36, 49, 17, 25, 15, 13, 23, 14, 29, 11, 37, 48]
weights list(greater): [44, 21, 20, 24, 9, 42, 22, 41, 18, 47, 19, 30, 10, 27, 0, 35, 46, 45, 4, 31, 29, 28, 8, 43, 3, 5, 34, 7, 39, 32, 33, 26, 40, 49, 1, 12, 16, 2, 15, 37, 17, 48, 11, 23, 14, 38, 25, 36, 13, 6]
weights list(greater): [2, 1, 3, 45, 40, 12, 27, 31, 46, 0, 24, 10, 22, 26, 8, 30, 35, 41, 9, 20, 4, 44, 6, 47, 28, 43, 32, 5, 33, 34, 38, 21, 7, 19, 17, 16, 42, 18, 49, 39, 15, 25, 23, 36, 13, 14, 37, 11, 29, 48]
weights list(greater): [44, 19, 21, 20, 24, 0, 46, 9, 30, 47, 22, 42, 10, 18, 29, 27, 31, 8, 4, 41, 35, 28, 45, 43, 34, 2, 3, 7, 15, 5, 40, 39, 49, 32, 1, 12, 33, 16, 26, 48, 37, 23, 11, 14, 38, 36, 17, 25, 13, 6]
weights list(greater): [40, 3, 1, 10, 12, 31, 2, 45, 24, 8, 27, 46, 0, 9, 20, 44, 41, 26, 22, 35, 32, 28, 34, 33, 42, 30, 5, 47, 4, 16, 6, 38, 43, 39, 18, 17, 7, 49, 19, 21, 36, 15, 13, 23, 25, 14, 37, 29, 11, 48]
weights list(greater): [44, 21, 30, 19, 47, 42, 22, 46, 20, 24, 31, 9, 10, 27, 8, 0, 28, 29, 41, 18, 4, 35, 43, 34, 2, 40, 7, 3, 39, 5, 45, 12, 26, 33, 32, 15, 1, 16, 49, 48, 14, 23, 11, 37, 36, 17, 38, 13, 25, 6]
weights list(greater): [40, 2, 12, 3, 1, 31, 10, 27, 45, 9, 24, 0, 30, 8, 32, 26, 46, 20, 6, 4, 44, 28, 38, 47, 41, 43, 22, 33, 35, 5, 49, 34, 42, 39, 17, 19, 23, 16, 18, 7, 21, 25, 15, 14, 13, 36, 11, 29, 37, 48]
weights list(greater): [44, 21, 24, 30, 47, 42, 20, 10, 22, 0, 9, 46, 28, 18, 29, 27, 19, 8, 41, 31, 4, 45, 35, 2, 43, 7, 40, 34, 33, 3, 49, 5, 39, 32, 12, 1, 16, 15, 26, 48, 23, 11, 38, 17, 37, 25, 14, 36, 13, 6]
weights list(greater): [2, 45, 40, 9, 1, 31, 3, 12, 0, 24, 27, 46, 10, 30, 26, 22, 44, 8, 32, 28, 20, 4, 33, 5, 41, 38, 43, 47, 35, 6, 34, 16, 18, 7, 39, 19, 13, 21, 42, 49, 17, 15, 36, 25, 23, 11, 14, 37, 29, 48]
weights list(greater): [40, 1, 2, 3, 9, 31, 45, 10, 12, 26, 0, 27, 46, 35, 24, 8, 30, 32, 41, 22, 33, 20, 44, 6, 5, 47, 43, 42, 34, 4, 28, 21, 18, 38, 39, 15, 16, 17, 49, 7, 19, 36, 13, 25, 23, 37, 29, 14, 11, 48]
contaminated_client_indices:[3, 7, 14, 4, 2, 44, 31, 27, 1, 48, 40, 35, 34, 46, 21]
weights list(greater): [9, 22, 16, 6, 37, 41, 19, 47, 18, 30, 25, 17, 29, 11, 10, 3, 23, 27, 4, 2, 8, 1, 38, 12, 46, 0, 49, 26, 7, 44, 33, 21, 39, 48, 45, 31, 28, 14, 15, 24, 35, 34, 42, 5, 40, 13, 36, 32, 43, 20]
weights list(greater): [9, 10, 41, 28, 42, 37, 11, 46, 3, 22, 2, 39, 0, 47, 34, 33, 5, 35, 49, 1, 17, 18, 19, 43, 36, 6, 15, 26, 24, 30, 21, 32, 31, 8, 12, 25, 20, 7, 16, 45, 27, 38, 4, 44, 48, 13, 40, 23, 14, 29]
weights list(greater): [9, 46, 42, 5, 10, 19, 41, 24, 49, 3, 0, 35, 17, 39, 16, 8, 47, 2, 11, 6, 36, 26, 37, 30, 28, 32, 34, 22, 25, 18, 1, 33, 20, 45, 15, 21, 7, 31, 43, 27, 4, 44, 12, 38, 48, 13, 23, 40, 14, 29]
weights list(greater): [41, 46, 49, 0, 42, 19, 9, 10, 45, 39, 5, 17, 3, 15, 22, 30, 1, 37, 28, 2, 47, 32, 26, 25, 36, 18, 21, 8, 34, 33, 11, 20, 16, 23, 35, 6, 4, 31, 24, 38, 14, 7, 43, 27, 12, 44, 40, 48, 13, 29]
weights list(greater): [45, 42, 49, 19, 0, 41, 9, 39, 5, 21, 37, 17, 10, 15, 32, 2, 4, 20, 28, 3, 30, 16, 26, 47, 36, 8, 35, 25, 1, 18, 46, 6, 23, 7, 22, 11, 34, 31, 24, 27, 33, 40, 14, 38, 12, 13, 48, 43, 44, 29]
weights list(greater): [45, 19, 46, 4, 42, 0, 41, 37, 26, 49, 3, 39, 25, 17, 5, 16, 20, 15, 10, 30, 9, 18, 2, 8, 47, 24, 6, 21, 22, 32, 12, 28, 23, 36, 1, 31, 35, 34, 27, 38, 40, 14, 7, 11, 33, 43, 13, 48, 44, 29]
weights list(greater): [45, 46, 19, 0, 41, 42, 5, 20, 16, 49, 37, 4, 2, 21, 17, 27, 3, 32, 39, 23, 47, 30, 35, 14, 31, 15, 9, 7, 36, 26, 25, 10, 6, 18, 40, 8, 28, 1, 34, 33, 11, 12, 24, 48, 38, 13, 44, 22, 43, 29]
weights list(greater): [45, 19, 46, 42, 0, 16, 9, 4, 5, 41, 20, 25, 37, 27, 8, 18, 6, 47, 30, 39, 49, 7, 3, 17, 2, 26, 40, 36, 22, 32, 1, 31, 24, 21, 10, 34, 23, 28, 14, 12, 15, 38, 35, 11, 44, 29, 33, 48, 43, 13]
weights list(greater): [45, 19, 0, 46, 42, 41, 16, 5, 20, 4, 27, 49, 2, 47, 6, 9, 37, 8, 39, 3, 26, 40, 25, 7, 24, 30, 32, 28, 36, 17, 14, 23, 10, 18, 31, 21, 1, 38, 44, 34, 35, 12, 15, 11, 33, 13, 22, 48, 43, 29]
weights list(greater): [45, 19, 16, 46, 0, 42, 20, 5, 41, 6, 4, 47, 26, 25, 9, 37, 7, 8, 2, 14, 3, 40, 39, 24, 27, 17, 21, 49, 30, 18, 12, 10, 23, 22, 36, 31, 35, 34, 32, 1, 28, 44, 15, 43, 11, 33, 29, 38, 48, 13]
weights list(greater): [19, 16, 45, 42, 0, 4, 20, 6, 5, 8, 46, 47, 3, 7, 41, 27, 21, 2, 26, 35, 9, 30, 14, 10, 37, 36, 17, 25, 28, 24, 40, 39, 15, 1, 31, 18, 34, 13, 32, 23, 49, 22, 44, 33, 29, 43, 48, 12, 11, 38]
weights list(greater): [19, 16, 45, 46, 0, 5, 6, 2, 20, 42, 9, 7, 8, 25, 3, 47, 18, 49, 4, 37, 26, 39, 40, 36, 34, 23, 32, 41, 35, 30, 24, 28, 44, 10, 21, 14, 27, 31, 17, 1, 22, 15, 43, 33, 13, 38, 48, 11, 12, 29]
weights list(greater): [45, 19, 46, 16, 42, 9, 20, 41, 0, 5, 47, 4, 3, 8, 7, 24, 18, 32, 37, 25, 23, 21, 6, 14, 49, 2, 40, 31, 30, 13, 26, 28, 17, 35, 36, 1, 10, 22, 33, 39, 38, 44, 15, 34, 12, 43, 48, 11, 29, 27]
weights list(greater): [45, 19, 16, 46, 0, 20, 26, 2, 6, 42, 4, 32, 5, 30, 8, 41, 10, 9, 23, 3, 49, 47, 37, 24, 22, 14, 34, 18, 28, 21, 40, 39, 7, 33, 12, 35, 1, 31, 36, 25, 17, 15, 43, 44, 11, 29, 13, 27, 38, 48]
weights list(greater): [45, 19, 46, 16, 42, 5, 41, 8, 4, 21, 0, 2, 3, 9, 30, 6, 24, 32, 39, 10, 22, 49, 1, 26, 20, 28, 37, 17, 47, 18, 14, 23, 35, 34, 36, 25, 40, 31, 13, 33, 43, 7, 15, 29, 11, 12, 38, 48, 27, 44]
weights list(greater): [45, 46, 16, 0, 19, 9, 20, 2, 3, 22, 4, 10, 42, 18, 14, 47, 24, 41, 37, 26, 34, 32, 5, 33, 8, 28, 1, 30, 25, 23, 21, 49, 7, 36, 40, 39, 35, 6, 13, 43, 12, 31, 44, 17, 15, 27, 38, 48, 29, 11]
weights list(greater): [19, 16, 45, 9, 42, 46, 24, 8, 4, 41, 10, 23, 30, 21, 3, 47, 2, 5, 6, 1, 0, 39, 14, 28, 49, 32, 35, 34, 22, 20, 25, 18, 37, 17, 40, 36, 33, 7, 15, 26, 13, 31, 43, 12, 29, 11, 38, 48, 44, 27]
weights list(greater): [19, 9, 16, 2, 46, 41, 0, 10, 23, 4, 35, 45, 42, 22, 20, 47, 24, 34, 18, 14, 8, 37, 39, 30, 3, 26, 32, 28, 25, 1, 49, 17, 6, 5, 15, 33, 7, 31, 21, 13, 44, 36, 12, 43, 40, 27, 11, 38, 48, 29]
weights list(greater): [19, 45, 24, 9, 16, 41, 8, 42, 3, 4, 2, 14, 35, 46, 23, 5, 21, 6, 0, 10, 22, 1, 30, 47, 32, 39, 28, 33, 26, 18, 17, 37, 7, 49, 34, 36, 12, 15, 25, 13, 20, 43, 31, 38, 11, 40, 44, 48, 27, 29]
weights list(greater): [19, 0, 45, 46, 3, 16, 9, 2, 4, 24, 8, 22, 32, 20, 14, 35, 18, 23, 30, 42, 10, 39, 47, 34, 26, 1, 41, 28, 6, 5, 33, 49, 17, 25, 37, 40, 36, 31, 48, 13, 7, 44, 43, 21, 38, 27, 12, 11, 15, 29]
weights list(greater): [45, 41, 16, 19, 3, 4, 9, 30, 24, 22, 8, 10, 23, 0, 42, 35, 2, 14, 5, 46, 47, 21, 1, 6, 39, 17, 28, 18, 32, 49, 20, 40, 26, 37, 34, 13, 15, 33, 25, 36, 38, 44, 7, 31, 12, 11, 43, 48, 27, 29]
weights list(greater): [19, 45, 0, 46, 23, 2, 9, 16, 20, 30, 47, 24, 3, 42, 41, 10, 4, 8, 22, 26, 32, 28, 14, 39, 35, 34, 18, 6, 25, 5, 49, 1, 33, 37, 43, 40, 36, 31, 44, 21, 7, 13, 12, 15, 17, 27, 48, 38, 11, 29]
weights list(greater): [45, 19, 16, 24, 8, 42, 4, 35, 0, 3, 14, 2, 5, 21, 30, 46, 9, 41, 20, 6, 47, 39, 23, 28, 1, 17, 10, 49, 34, 22, 26, 32, 13, 40, 18, 37, 36, 15, 25, 38, 33, 31, 7, 43, 12, 44, 11, 48, 27, 29]
weights list(greater): [45, 19, 46, 2, 0, 16, 20, 9, 30, 3, 14, 8, 24, 42, 23, 4, 10, 18, 22, 39, 47, 41, 35, 5, 34, 32, 37, 28, 6, 25, 49, 26, 36, 21, 1, 33, 17, 40, 7, 13, 31, 15, 48, 12, 27, 38, 29, 43, 11, 44]
weights list(greater): [45, 19, 16, 14, 24, 46, 42, 3, 9, 8, 0, 4, 5, 41, 20, 2, 18, 35, 21, 10, 22, 30, 47, 6, 1, 17, 23, 39, 34, 49, 32, 37, 26, 28, 36, 13, 25, 40, 33, 48, 38, 7, 11, 43, 12, 15, 31, 44, 27, 29]
weights list(greater): [19, 45, 16, 2, 9, 46, 30, 24, 20, 47, 34, 18, 3, 42, 8, 0, 10, 22, 41, 23, 14, 32, 4, 5, 26, 39, 28, 6, 25, 35, 40, 21, 33, 1, 37, 36, 48, 49, 13, 31, 17, 38, 7, 43, 12, 27, 29, 15, 11, 44]
weights list(greater): [45, 19, 0, 42, 24, 41, 3, 9, 16, 4, 8, 10, 30, 40, 14, 47, 46, 5, 2, 20, 28, 39, 21, 23, 6, 1, 32, 35, 22, 49, 34, 26, 18, 33, 17, 13, 36, 25, 37, 7, 12, 38, 43, 15, 31, 27, 44, 48, 11, 29]
weights list(greater): [45, 19, 16, 2, 46, 9, 20, 0, 42, 3, 30, 41, 24, 14, 8, 34, 23, 10, 18, 5, 39, 32, 47, 4, 6, 26, 22, 28, 35, 7, 25, 37, 49, 1, 40, 21, 31, 13, 17, 36, 33, 48, 43, 38, 15, 12, 11, 29, 27, 44]
weights list(greater): [45, 16, 19, 0, 41, 9, 2, 24, 42, 4, 14, 21, 8, 5, 47, 3, 20, 32, 18, 1, 10, 46, 6, 34, 35, 23, 37, 39, 7, 30, 22, 28, 26, 25, 17, 40, 36, 48, 49, 13, 33, 38, 11, 43, 15, 27, 12, 44, 31, 29]
weights list(greater): [45, 19, 16, 46, 0, 2, 20, 8, 24, 18, 14, 42, 9, 3, 4, 10, 39, 41, 23, 30, 32, 5, 1, 47, 37, 26, 28, 48, 34, 25, 40, 7, 22, 21, 49, 35, 13, 6, 31, 17, 36, 38, 44, 33, 43, 11, 15, 29, 27, 12]
weights list(greater): [45, 19, 16, 46, 41, 42, 24, 20, 47, 0, 9, 2, 8, 14, 39, 10, 5, 6, 32, 4, 1, 18, 21, 3, 35, 23, 30, 28, 34, 37, 7, 17, 48, 26, 40, 22, 36, 25, 49, 13, 11, 33, 27, 15, 43, 31, 38, 29, 12, 44]
weights list(greater): [45, 19, 16, 0, 46, 2, 20, 3, 42, 9, 5, 14, 24, 32, 10, 8, 41, 18, 34, 39, 47, 6, 4, 30, 25, 7, 22, 28, 1, 21, 36, 23, 48, 33, 49, 37, 40, 13, 26, 35, 17, 31, 11, 43, 15, 27, 12, 29, 38, 44]
weights list(greater): [45, 19, 16, 0, 46, 2, 42, 5, 24, 8, 4, 14, 9, 21, 20, 6, 41, 7, 32, 47, 30, 34, 3, 18, 23, 1, 17, 49, 26, 37, 28, 39, 40, 10, 33, 13, 25, 36, 48, 22, 35, 11, 38, 43, 44, 12, 31, 15, 27, 29]
weights list(greater): [19, 45, 16, 0, 20, 7, 34, 2, 14, 46, 5, 41, 9, 6, 23, 32, 8, 4, 24, 3, 47, 18, 42, 26, 30, 39, 22, 49, 21, 37, 28, 48, 1, 36, 10, 17, 40, 35, 25, 33, 13, 43, 38, 15, 44, 11, 12, 29, 31, 27]
weights list(greater): [16, 45, 19, 5, 0, 20, 4, 41, 42, 8, 2, 9, 6, 18, 24, 46, 21, 7, 47, 14, 10, 3, 26, 1, 32, 37, 28, 30, 48, 17, 49, 35, 22, 23, 34, 40, 36, 39, 25, 13, 33, 12, 38, 27, 29, 44, 43, 31, 15, 11]
weights list(greater): [19, 16, 45, 0, 20, 7, 46, 14, 2, 41, 24, 6, 9, 5, 8, 4, 3, 42, 47, 10, 34, 23, 18, 35, 21, 32, 26, 28, 48, 37, 30, 36, 22, 49, 40, 25, 17, 12, 13, 33, 39, 1, 43, 38, 11, 27, 44, 31, 15, 29]
weights list(greater): [45, 8, 19, 0, 41, 6, 4, 16, 3, 47, 20, 10, 24, 5, 9, 21, 28, 42, 46, 18, 23, 14, 17, 1, 32, 49, 39, 7, 34, 26, 48, 30, 40, 22, 25, 37, 2, 13, 35, 36, 12, 29, 15, 33, 38, 11, 43, 31, 44, 27]
weights list(greater): [16, 45, 19, 20, 2, 0, 8, 24, 23, 14, 46, 18, 3, 5, 42, 34, 9, 47, 41, 10, 40, 32, 4, 28, 6, 39, 49, 22, 37, 35, 25, 26, 1, 12, 21, 7, 13, 30, 17, 36, 38, 33, 31, 48, 44, 29, 43, 11, 15, 27]
weights list(greater): [45, 41, 19, 4, 21, 6, 9, 5, 3, 20, 8, 24, 10, 23, 17, 0, 16, 28, 47, 32, 49, 14, 42, 2, 1, 18, 37, 39, 40, 13, 25, 26, 34, 35, 15, 22, 36, 48, 30, 46, 33, 7, 38, 27, 44, 43, 31, 29, 12, 11]
weights list(greater): [16, 19, 2, 45, 0, 41, 20, 14, 4, 23, 3, 8, 9, 24, 6, 5, 18, 47, 34, 42, 10, 26, 32, 39, 35, 48, 36, 17, 28, 21, 40, 46, 7, 49, 25, 37, 22, 30, 1, 12, 13, 33, 43, 27, 38, 15, 44, 29, 11, 31]
weights list(greater): [45, 8, 17, 24, 16, 0, 20, 19, 5, 41, 21, 3, 1, 6, 14, 47, 2, 32, 23, 42, 4, 18, 46, 22, 9, 10, 37, 36, 35, 28, 49, 26, 40, 44, 34, 48, 25, 12, 13, 33, 27, 39, 11, 38, 7, 15, 29, 30, 31, 43]
weights list(greater): [45, 16, 19, 4, 34, 0, 23, 14, 20, 22, 2, 3, 24, 18, 8, 39, 10, 6, 35, 40, 32, 9, 28, 42, 46, 37, 17, 41, 25, 36, 5, 47, 49, 26, 21, 13, 1, 48, 38, 12, 43, 7, 30, 15, 33, 31, 44, 29, 27, 11]
weights list(greater): [45, 3, 17, 1, 24, 47, 19, 8, 41, 20, 37, 23, 6, 5, 28, 4, 14, 42, 9, 0, 10, 22, 21, 18, 32, 26, 16, 39, 36, 49, 35, 2, 46, 15, 12, 25, 40, 31, 33, 44, 30, 48, 13, 11, 7, 34, 29, 38, 27, 43]
weights list(greater): [45, 0, 4, 18, 3, 20, 41, 10, 9, 19, 23, 14, 2, 24, 22, 8, 17, 37, 32, 1, 6, 42, 16, 40, 35, 25, 47, 34, 28, 26, 5, 36, 44, 39, 27, 49, 12, 31, 21, 7, 13, 33, 46, 29, 38, 43, 48, 15, 11, 30]
weights list(greater): [45, 41, 19, 20, 3, 47, 24, 8, 17, 1, 9, 4, 23, 37, 6, 28, 10, 21, 0, 16, 14, 5, 39, 42, 35, 18, 49, 32, 22, 26, 40, 25, 15, 44, 12, 36, 46, 38, 2, 13, 27, 33, 48, 7, 34, 11, 29, 31, 43, 30]
weights list(greater): [45, 23, 19, 18, 41, 9, 0, 4, 3, 24, 14, 17, 10, 20, 22, 32, 37, 6, 16, 1, 8, 47, 39, 28, 35, 5, 44, 25, 42, 36, 2, 26, 40, 12, 46, 49, 34, 43, 31, 21, 13, 15, 27, 7, 38, 33, 48, 11, 29, 30]
weights list(greater): [45, 41, 24, 19, 1, 17, 8, 47, 9, 23, 16, 20, 18, 3, 37, 4, 6, 14, 5, 21, 28, 39, 10, 32, 26, 22, 0, 42, 36, 44, 35, 46, 2, 40, 49, 11, 13, 15, 12, 31, 33, 48, 38, 25, 34, 27, 29, 7, 30, 43]
weights list(greater): [45, 14, 23, 4, 3, 18, 0, 20, 9, 22, 24, 10, 8, 19, 32, 35, 39, 16, 40, 41, 37, 17, 47, 2, 6, 28, 12, 44, 42, 49, 1, 46, 5, 13, 31, 7, 25, 34, 26, 36, 21, 27, 15, 33, 38, 43, 29, 30, 48, 11]
weights list(greater): [45, 24, 19, 8, 41, 21, 17, 47, 3, 14, 1, 6, 20, 16, 5, 9, 18, 0, 23, 42, 28, 4, 22, 40, 10, 7, 37, 39, 26, 32, 35, 46, 15, 49, 36, 33, 25, 13, 12, 2, 44, 27, 34, 48, 30, 31, 11, 38, 43, 29]
weights list(greater): [45, 0, 23, 3, 16, 14, 19, 10, 4, 24, 18, 9, 20, 22, 8, 32, 41, 39, 37, 17, 42, 35, 47, 6, 28, 1, 26, 40, 36, 25, 2, 13, 5, 34, 46, 49, 15, 21, 12, 33, 29, 44, 31, 38, 27, 43, 11, 48, 7, 30]
weights list(greater): [45, 24, 16, 41, 1, 14, 20, 3, 47, 17, 6, 23, 18, 9, 10, 19, 8, 28, 4, 42, 0, 32, 39, 37, 21, 44, 15, 26, 22, 46, 40, 35, 5, 25, 12, 2, 49, 13, 36, 27, 38, 31, 7, 34, 33, 43, 30, 11, 29, 48]
weights list(greater): [45, 16, 19, 24, 0, 41, 23, 20, 8, 14, 3, 18, 22, 4, 9, 6, 10, 47, 42, 39, 32, 35, 40, 1, 5, 28, 37, 2, 17, 26, 21, 34, 49, 46, 15, 25, 36, 12, 44, 13, 43, 31, 27, 38, 48, 29, 7, 33, 11, 30]
weights list(greater): [45, 19, 16, 8, 24, 3, 42, 0, 41, 20, 4, 14, 21, 18, 47, 9, 5, 40, 28, 23, 17, 37, 6, 22, 35, 32, 26, 10, 1, 2, 39, 46, 49, 25, 44, 13, 36, 31, 34, 33, 38, 12, 29, 27, 15, 48, 43, 7, 30, 11]
weights list(greater): [45, 16, 19, 0, 4, 20, 24, 14, 3, 8, 41, 9, 2, 47, 42, 23, 10, 35, 39, 5, 18, 6, 1, 37, 28, 22, 40, 17, 26, 34, 32, 21, 36, 27, 13, 15, 46, 31, 7, 12, 49, 33, 25, 48, 43, 30, 29, 38, 44, 11]
weights list(greater): [45, 19, 16, 47, 20, 41, 8, 4, 3, 24, 9, 0, 14, 5, 42, 28, 21, 2, 10, 6, 1, 26, 18, 35, 22, 17, 37, 39, 40, 46, 23, 34, 36, 25, 49, 32, 7, 27, 31, 13, 12, 43, 33, 38, 48, 44, 30, 15, 11, 29]
weights list(greater): [45, 19, 16, 14, 3, 20, 8, 0, 22, 41, 47, 4, 2, 9, 42, 18, 5, 10, 37, 24, 28, 21, 35, 17, 46, 23, 1, 26, 6, 40, 36, 39, 25, 7, 33, 34, 32, 12, 13, 49, 48, 27, 38, 43, 31, 30, 44, 15, 29, 11]
weights list(greater): [45, 16, 41, 19, 8, 47, 20, 5, 21, 0, 4, 10, 42, 3, 28, 9, 6, 18, 24, 26, 1, 37, 14, 7, 2, 17, 35, 34, 23, 22, 40, 32, 36, 46, 39, 27, 49, 12, 13, 31, 33, 25, 48, 43, 38, 44, 15, 11, 29, 30]
weights list(greater): [45, 16, 19, 20, 41, 14, 0, 47, 8, 3, 10, 2, 42, 9, 4, 23, 22, 28, 5, 24, 7, 39, 37, 25, 18, 6, 26, 35, 49, 21, 17, 46, 36, 34, 40, 12, 1, 32, 13, 43, 27, 33, 38, 44, 31, 48, 30, 15, 11, 29]
weights list(greater): [45, 19, 41, 21, 47, 20, 8, 4, 5, 14, 24, 42, 28, 3, 0, 9, 10, 16, 6, 17, 1, 35, 23, 39, 7, 22, 26, 2, 36, 37, 49, 32, 27, 40, 18, 34, 25, 48, 13, 44, 12, 31, 46, 33, 43, 38, 15, 30, 11, 29]
weights list(greater): [45, 19, 47, 16, 41, 20, 8, 4, 0, 3, 14, 9, 5, 24, 10, 2, 37, 18, 22, 6, 42, 39, 23, 28, 35, 26, 17, 36, 7, 27, 21, 25, 1, 46, 34, 40, 49, 31, 32, 13, 12, 43, 48, 38, 29, 33, 44, 30, 15, 11]
weights list(greater): [45, 19, 8, 41, 20, 21, 5, 47, 42, 16, 6, 4, 24, 9, 3, 14, 23, 17, 26, 18, 1, 37, 0, 28, 36, 40, 2, 10, 39, 35, 32, 48, 22, 25, 34, 7, 46, 49, 13, 27, 31, 44, 12, 38, 15, 11, 30, 43, 33, 29]
weights list(greater): [45, 16, 41, 14, 19, 0, 20, 8, 23, 4, 3, 9, 18, 2, 24, 10, 22, 39, 5, 42, 46, 28, 47, 34, 27, 40, 26, 35, 6, 37, 17, 49, 36, 21, 13, 25, 32, 1, 7, 38, 44, 31, 33, 12, 43, 48, 15, 29, 11, 30]
weights list(greater): [45, 19, 47, 20, 14, 24, 8, 5, 4, 3, 6, 17, 10, 16, 1, 21, 41, 23, 9, 0, 32, 26, 42, 28, 36, 40, 39, 35, 18, 22, 37, 46, 7, 27, 48, 2, 44, 13, 49, 25, 15, 34, 33, 38, 11, 12, 31, 43, 30, 29]
weights list(greater): [45, 41, 16, 19, 20, 47, 0, 14, 8, 3, 4, 24, 10, 9, 7, 5, 22, 23, 17, 18, 35, 6, 42, 28, 36, 21, 39, 37, 1, 46, 32, 40, 34, 2, 25, 27, 26, 49, 12, 13, 31, 44, 33, 43, 15, 48, 38, 30, 29, 11]
weights list(greater): [45, 19, 20, 5, 21, 24, 41, 47, 8, 6, 4, 17, 28, 16, 14, 23, 3, 9, 0, 37, 1, 10, 7, 40, 46, 42, 36, 26, 27, 34, 35, 39, 18, 22, 32, 2, 49, 31, 15, 13, 25, 48, 12, 44, 33, 43, 38, 30, 29, 11]
weights list(greater): [45, 16, 19, 41, 3, 20, 8, 14, 0, 4, 10, 47, 23, 24, 18, 9, 22, 42, 7, 37, 5, 39, 2, 34, 35, 6, 27, 28, 26, 36, 40, 25, 17, 1, 21, 13, 49, 46, 32, 33, 48, 38, 43, 15, 12, 44, 11, 29, 31, 30]
weights list(greater): [19, 8, 41, 45, 47, 5, 16, 21, 3, 24, 23, 20, 17, 6, 14, 9, 1, 4, 26, 42, 28, 39, 32, 22, 37, 10, 35, 36, 18, 34, 40, 15, 0, 48, 2, 12, 49, 27, 7, 13, 46, 44, 25, 30, 11, 43, 33, 31, 38, 29]
weights list(greater): [19, 45, 41, 16, 14, 20, 0, 8, 47, 37, 18, 24, 17, 5, 3, 4, 23, 9, 10, 6, 22, 1, 27, 39, 28, 42, 36, 26, 32, 35, 25, 21, 2, 49, 40, 13, 44, 31, 46, 34, 43, 7, 11, 15, 48, 12, 38, 29, 33, 30]
weights list(greater): [45, 19, 47, 20, 14, 5, 3, 8, 16, 6, 21, 4, 9, 24, 17, 23, 28, 41, 10, 42, 1, 26, 0, 22, 35, 37, 39, 34, 18, 40, 32, 49, 46, 27, 36, 25, 2, 48, 13, 15, 7, 33, 43, 12, 11, 31, 44, 38, 30, 29]
weights list(greater): [45, 19, 16, 14, 41, 20, 47, 8, 0, 22, 18, 24, 3, 9, 6, 42, 5, 34, 4, 35, 28, 10, 17, 39, 32, 1, 23, 26, 37, 36, 2, 25, 49, 27, 21, 33, 40, 13, 46, 31, 48, 43, 7, 29, 15, 12, 38, 44, 11, 30]
weights list(greater): [45, 19, 24, 8, 20, 47, 14, 5, 9, 41, 16, 21, 42, 17, 3, 28, 4, 18, 6, 23, 36, 22, 40, 26, 1, 49, 32, 37, 10, 27, 39, 25, 0, 35, 46, 7, 2, 34, 48, 44, 13, 31, 15, 12, 43, 11, 38, 30, 29, 33]
weights list(greater): [45, 16, 14, 19, 20, 8, 24, 0, 41, 47, 22, 9, 18, 5, 4, 42, 3, 10, 39, 6, 34, 35, 23, 28, 37, 27, 40, 36, 7, 17, 49, 25, 26, 32, 1, 46, 21, 13, 2, 31, 44, 38, 43, 12, 15, 29, 48, 33, 11, 30]
weights list(greater): [8, 19, 45, 47, 24, 20, 5, 28, 14, 41, 10, 4, 16, 3, 21, 6, 9, 1, 18, 36, 39, 17, 42, 22, 7, 26, 37, 40, 32, 23, 0, 25, 49, 35, 2, 13, 48, 46, 34, 27, 44, 15, 33, 31, 38, 11, 43, 12, 30, 29]
weights list(greater): [45, 14, 41, 20, 16, 19, 8, 4, 47, 0, 3, 40, 23, 5, 34, 10, 24, 9, 18, 42, 6, 28, 22, 35, 21, 37, 7, 27, 36, 25, 17, 46, 39, 32, 2, 26, 13, 43, 49, 1, 15, 31, 48, 33, 12, 29, 38, 44, 11, 30]
weights list(greater): [45, 8, 20, 5, 24, 19, 21, 47, 6, 0, 16, 41, 4, 14, 3, 17, 9, 37, 10, 40, 22, 1, 28, 23, 18, 36, 26, 7, 42, 39, 49, 46, 27, 35, 2, 32, 33, 25, 48, 34, 44, 13, 15, 43, 31, 12, 38, 11, 30, 29]
weights list(greater): [45, 16, 41, 19, 20, 14, 8, 23, 47, 5, 7, 10, 4, 0, 3, 22, 24, 9, 18, 6, 39, 28, 42, 26, 37, 40, 2, 21, 36, 35, 27, 17, 32, 34, 25, 49, 46, 13, 31, 15, 1, 43, 12, 38, 33, 48, 44, 29, 11, 30]
weights list(greater): [45, 19, 8, 41, 16, 20, 5, 47, 24, 6, 4, 21, 3, 23, 14, 40, 28, 7, 17, 1, 26, 9, 37, 18, 10, 0, 36, 39, 42, 34, 22, 2, 48, 35, 25, 32, 46, 27, 49, 15, 12, 33, 13, 31, 43, 11, 44, 38, 30, 29]
weights list(greater): [45, 19, 20, 16, 41, 14, 8, 4, 47, 3, 24, 18, 5, 10, 22, 0, 7, 23, 6, 9, 42, 17, 26, 28, 2, 39, 37, 35, 25, 34, 36, 1, 49, 40, 32, 27, 31, 21, 13, 46, 44, 38, 43, 12, 15, 33, 30, 48, 29, 11]
weights list(greater): [45, 19, 24, 47, 20, 5, 8, 41, 21, 14, 1, 9, 10, 17, 3, 39, 28, 6, 16, 40, 23, 4, 26, 18, 37, 42, 32, 49, 36, 35, 22, 7, 34, 27, 2, 48, 0, 15, 11, 25, 31, 13, 44, 12, 46, 43, 30, 38, 33, 29]
weights list(greater): [45, 19, 41, 14, 20, 16, 4, 8, 10, 47, 0, 3, 18, 5, 23, 6, 9, 22, 24, 39, 37, 27, 26, 42, 32, 28, 2, 36, 21, 35, 1, 40, 25, 7, 34, 17, 49, 43, 12, 15, 13, 33, 31, 46, 38, 44, 11, 29, 48, 30]
weights list(greater): [45, 19, 24, 8, 47, 20, 14, 41, 5, 3, 32, 21, 28, 10, 1, 16, 6, 39, 9, 17, 4, 42, 23, 36, 18, 37, 22, 26, 49, 40, 15, 35, 0, 25, 46, 2, 27, 34, 11, 13, 7, 44, 48, 30, 33, 12, 43, 38, 31, 29]
weights list(greater): [45, 14, 19, 16, 20, 3, 8, 41, 24, 10, 47, 4, 18, 39, 17, 5, 28, 22, 9, 40, 6, 0, 23, 37, 32, 1, 42, 7, 35, 26, 36, 25, 49, 34, 21, 2, 27, 31, 13, 43, 15, 44, 12, 46, 38, 30, 48, 29, 33, 11]
weights list(greater): [45, 8, 19, 47, 20, 5, 24, 9, 41, 21, 6, 7, 14, 16, 36, 40, 3, 28, 17, 10, 4, 22, 1, 26, 23, 18, 39, 42, 27, 0, 49, 25, 32, 46, 2, 37, 15, 48, 35, 11, 13, 44, 33, 34, 12, 31, 43, 38, 30, 29]
weights list(greater): [45, 14, 41, 19, 16, 8, 20, 4, 0, 18, 24, 3, 10, 5, 9, 23, 47, 17, 37, 22, 28, 39, 6, 32, 36, 1, 42, 7, 2, 40, 35, 26, 21, 31, 27, 25, 13, 15, 34, 49, 44, 43, 29, 33, 48, 46, 12, 11, 38, 30]
weights list(greater): [45, 47, 19, 14, 8, 16, 20, 41, 5, 6, 4, 24, 28, 7, 9, 3, 39, 23, 17, 46, 42, 18, 26, 1, 21, 36, 40, 10, 37, 22, 0, 49, 27, 25, 32, 15, 2, 43, 35, 31, 44, 13, 34, 12, 48, 11, 30, 38, 33, 29]
weights list(greater): [45, 20, 14, 8, 19, 24, 0, 41, 16, 5, 3, 4, 10, 47, 22, 9, 42, 18, 32, 23, 28, 26, 39, 7, 17, 46, 36, 6, 27, 1, 40, 35, 21, 37, 25, 2, 34, 31, 49, 13, 44, 43, 38, 12, 33, 48, 15, 11, 29, 30]
weights list(greater): [8, 45, 5, 24, 47, 14, 19, 20, 21, 26, 3, 28, 6, 16, 41, 10, 18, 39, 1, 9, 4, 23, 32, 40, 36, 22, 17, 37, 42, 7, 49, 46, 48, 34, 0, 35, 15, 11, 2, 27, 25, 30, 13, 44, 12, 38, 31, 43, 33, 29]
weights list(greater): [45, 19, 41, 20, 24, 14, 47, 23, 16, 8, 39, 10, 37, 18, 5, 3, 22, 28, 4, 7, 0, 9, 6, 42, 40, 26, 32, 36, 27, 25, 17, 49, 34, 46, 35, 1, 13, 21, 15, 31, 2, 43, 38, 12, 44, 11, 29, 48, 33, 30]
weights list(greater): [45, 19, 47, 8, 20, 5, 24, 3, 16, 40, 6, 41, 14, 21, 23, 26, 39, 4, 28, 10, 9, 1, 7, 17, 18, 22, 42, 46, 0, 32, 36, 34, 37, 25, 49, 35, 12, 27, 44, 15, 48, 2, 13, 31, 43, 11, 30, 38, 33, 29]
weights list(greater): [45, 19, 14, 41, 20, 16, 24, 7, 8, 5, 0, 4, 10, 47, 22, 3, 18, 9, 23, 28, 42, 6, 21, 17, 37, 39, 40, 36, 35, 27, 26, 25, 32, 49, 46, 34, 1, 31, 13, 2, 44, 43, 33, 38, 12, 15, 11, 29, 48, 30]
weights list(greater): [45, 47, 8, 24, 19, 41, 20, 14, 5, 3, 9, 23, 10, 39, 16, 28, 26, 6, 1, 4, 18, 7, 40, 42, 21, 37, 22, 36, 17, 46, 49, 0, 25, 35, 34, 32, 48, 15, 27, 2, 12, 13, 31, 43, 44, 11, 38, 33, 30, 29]
weights list(greater): [45, 20, 19, 16, 8, 41, 5, 23, 14, 4, 47, 3, 10, 6, 7, 0, 37, 18, 9, 39, 24, 28, 22, 42, 34, 17, 40, 36, 21, 26, 27, 49, 35, 25, 15, 43, 46, 1, 2, 12, 32, 13, 31, 11, 33, 44, 30, 48, 38, 29]
weights list(greater): [45, 5, 8, 47, 16, 20, 19, 24, 4, 14, 6, 26, 21, 41, 3, 10, 28, 9, 17, 0, 18, 23, 22, 40, 42, 36, 27, 37, 1, 39, 46, 7, 49, 2, 15, 25, 35, 34, 13, 32, 33, 48, 44, 12, 43, 31, 11, 30, 38, 29]
weights list(greater): [45, 19, 16, 20, 14, 8, 0, 41, 3, 5, 24, 10, 47, 23, 4, 6, 39, 28, 46, 22, 18, 9, 2, 36, 42, 25, 26, 40, 7, 27, 37, 35, 21, 17, 49, 44, 12, 1, 43, 34, 13, 32, 15, 33, 38, 31, 30, 11, 48, 29]
weights list(greater): [19, 45, 24, 8, 14, 47, 23, 28, 5, 21, 20, 26, 3, 6, 39, 10, 1, 9, 17, 16, 41, 7, 32, 22, 49, 4, 36, 42, 46, 37, 25, 18, 15, 30, 35, 40, 34, 44, 0, 13, 11, 48, 2, 12, 38, 33, 27, 31, 43, 29]
weights list(greater): [45, 19, 20, 10, 24, 8, 16, 23, 14, 39, 0, 3, 47, 4, 18, 41, 5, 22, 37, 28, 6, 32, 7, 17, 40, 9, 42, 26, 21, 36, 15, 27, 35, 1, 25, 31, 49, 12, 11, 13, 34, 2, 43, 44, 29, 33, 46, 48, 30, 38]
weights list(greater): [45, 19, 5, 20, 47, 8, 16, 24, 17, 28, 9, 10, 6, 7, 14, 4, 3, 26, 21, 23, 41, 39, 1, 18, 40, 36, 0, 42, 37, 22, 2, 49, 35, 25, 46, 34, 48, 32, 27, 15, 13, 12, 33, 44, 43, 38, 11, 31, 30, 29]
weights list(greater): [45, 14, 19, 10, 20, 16, 23, 8, 47, 39, 3, 24, 4, 18, 0, 5, 22, 28, 41, 46, 7, 9, 32, 6, 26, 40, 17, 42, 35, 37, 1, 36, 34, 15, 49, 25, 21, 44, 13, 27, 43, 31, 12, 2, 38, 33, 11, 30, 48, 29]
weights list(greater): [19, 8, 20, 45, 24, 47, 14, 21, 10, 5, 17, 6, 23, 26, 39, 3, 28, 41, 9, 1, 22, 16, 18, 48, 42, 36, 40, 7, 34, 37, 4, 15, 27, 30, 49, 0, 2, 35, 32, 44, 46, 25, 12, 11, 13, 43, 33, 38, 31, 29]
weights list(greater): [45, 20, 16, 19, 14, 24, 10, 22, 23, 4, 18, 39, 8, 47, 3, 41, 40, 9, 0, 5, 32, 28, 7, 42, 35, 37, 25, 17, 6, 21, 27, 36, 34, 49, 13, 2, 26, 1, 44, 12, 43, 15, 33, 31, 46, 38, 11, 29, 30, 48]
weights list(greater): [24, 45, 21, 20, 19, 5, 17, 1, 6, 14, 47, 3, 16, 8, 23, 41, 40, 9, 10, 36, 4, 39, 22, 32, 28, 7, 44, 0, 26, 18, 25, 37, 2, 46, 34, 15, 33, 12, 11, 49, 42, 35, 43, 48, 13, 27, 30, 38, 31, 29]
weights list(greater): [45, 19, 14, 20, 16, 8, 24, 22, 5, 3, 23, 47, 6, 18, 9, 4, 0, 10, 39, 41, 17, 1, 42, 2, 28, 40, 32, 7, 26, 36, 21, 35, 25, 37, 15, 27, 34, 49, 44, 46, 30, 13, 43, 12, 31, 11, 48, 33, 38, 29]
weights list(greater): [45, 41, 20, 16, 47, 8, 14, 19, 5, 6, 9, 3, 4, 40, 39, 21, 28, 22, 26, 42, 46, 24, 23, 18, 17, 49, 0, 10, 1, 7, 36, 25, 34, 35, 37, 27, 12, 2, 44, 32, 13, 15, 43, 31, 33, 48, 11, 30, 38, 29]
weights list(greater): [45, 20, 19, 16, 14, 8, 10, 0, 5, 47, 3, 24, 4, 39, 22, 18, 41, 23, 7, 6, 28, 9, 21, 42, 40, 26, 27, 35, 32, 36, 37, 25, 44, 43, 1, 46, 2, 49, 12, 17, 13, 34, 33, 31, 38, 30, 48, 11, 15, 29]
weights list(greater): [45, 20, 21, 5, 24, 6, 19, 8, 16, 47, 7, 14, 17, 9, 3, 40, 1, 10, 23, 18, 4, 26, 41, 28, 32, 39, 22, 0, 36, 37, 42, 35, 44, 27, 46, 34, 43, 2, 25, 49, 11, 12, 48, 15, 31, 13, 30, 38, 33, 29]
weights list(greater): [45, 8, 20, 19, 16, 24, 5, 18, 14, 9, 47, 23, 3, 4, 39, 10, 37, 0, 22, 17, 40, 28, 32, 41, 26, 6, 42, 36, 1, 7, 2, 21, 25, 35, 13, 49, 27, 31, 44, 46, 30, 38, 15, 34, 12, 43, 48, 11, 33, 29]
weights list(greater): [19, 5, 45, 8, 20, 21, 16, 47, 6, 14, 4, 7, 24, 41, 9, 46, 26, 3, 28, 10, 0, 17, 23, 39, 22, 1, 40, 42, 37, 18, 36, 49, 35, 33, 34, 27, 25, 32, 13, 12, 44, 48, 43, 15, 31, 2, 11, 30, 38, 29]
weights list(greater): [45, 8, 19, 20, 14, 16, 5, 24, 4, 41, 7, 47, 37, 10, 22, 0, 9, 18, 3, 26, 28, 42, 39, 6, 40, 23, 2, 36, 1, 21, 17, 32, 27, 35, 25, 12, 43, 34, 49, 44, 13, 46, 31, 38, 11, 48, 15, 30, 33, 29]
weights list(greater): [45, 5, 20, 47, 16, 7, 19, 8, 21, 14, 39, 9, 41, 24, 10, 4, 23, 6, 34, 22, 26, 28, 3, 40, 46, 18, 0, 42, 1, 37, 36, 49, 35, 17, 44, 12, 25, 13, 32, 15, 27, 48, 2, 33, 31, 38, 43, 11, 30, 29]
weights list(greater): [45, 20, 14, 8, 7, 19, 24, 0, 16, 5, 10, 4, 22, 3, 47, 41, 9, 18, 39, 42, 28, 6, 23, 26, 1, 21, 36, 40, 12, 27, 2, 46, 35, 17, 32, 34, 44, 37, 49, 25, 13, 43, 33, 30, 15, 38, 31, 48, 11, 29]
weights list(greater): [45, 19, 20, 5, 7, 47, 16, 8, 21, 6, 24, 26, 14, 4, 9, 41, 1, 10, 28, 39, 17, 0, 36, 18, 3, 37, 40, 42, 32, 22, 49, 46, 23, 35, 48, 34, 25, 44, 11, 27, 2, 12, 13, 15, 38, 31, 33, 30, 43, 29]
weights list(greater): [45, 20, 19, 7, 8, 16, 41, 14, 5, 18, 39, 24, 47, 0, 9, 10, 4, 6, 28, 36, 2, 23, 42, 26, 21, 40, 17, 3, 35, 34, 22, 27, 12, 1, 37, 49, 25, 44, 32, 31, 13, 46, 43, 38, 30, 15, 33, 11, 48, 29]
weights list(greater): [45, 5, 19, 21, 20, 7, 6, 24, 8, 17, 47, 16, 3, 4, 9, 1, 18, 26, 0, 28, 41, 22, 36, 14, 10, 42, 34, 39, 32, 46, 48, 35, 37, 2, 40, 27, 33, 49, 11, 38, 44, 23, 25, 30, 31, 43, 12, 15, 13, 29]
weights list(greater): [45, 16, 19, 20, 8, 18, 14, 0, 9, 24, 7, 5, 4, 47, 3, 6, 36, 40, 41, 10, 39, 2, 23, 42, 37, 28, 21, 22, 35, 17, 26, 25, 32, 34, 27, 44, 1, 13, 49, 43, 46, 38, 12, 31, 33, 15, 30, 11, 48, 29]
weights list(greater): [45, 19, 9, 8, 5, 20, 16, 24, 47, 14, 21, 6, 10, 39, 17, 7, 41, 4, 1, 26, 18, 22, 28, 23, 32, 42, 40, 36, 3, 0, 2, 27, 49, 34, 25, 35, 37, 44, 13, 48, 38, 12, 46, 15, 11, 33, 30, 43, 31, 29]
weights list(greater): [45, 19, 20, 7, 9, 16, 4, 8, 14, 24, 18, 10, 47, 39, 22, 5, 41, 2, 40, 28, 42, 37, 23, 3, 0, 34, 6, 26, 25, 49, 35, 36, 17, 32, 1, 21, 27, 13, 15, 12, 38, 11, 31, 44, 43, 48, 46, 30, 33, 29]
weights list(greater): [45, 20, 14, 47, 9, 19, 6, 8, 5, 16, 7, 4, 17, 24, 10, 1, 41, 0, 39, 22, 26, 18, 21, 3, 28, 40, 36, 46, 44, 27, 23, 12, 37, 42, 25, 35, 49, 32, 43, 48, 2, 34, 13, 31, 38, 33, 15, 11, 30, 29]
weights list(greater): [19, 45, 7, 20, 0, 16, 6, 5, 14, 8, 4, 21, 47, 41, 18, 9, 3, 24, 17, 40, 34, 26, 10, 2, 12, 22, 28, 46, 36, 23, 35, 27, 1, 25, 42, 37, 44, 43, 39, 49, 32, 48, 13, 33, 11, 15, 31, 38, 30, 29]
weights list(greater): [45, 19, 20, 8, 14, 4, 47, 3, 24, 16, 5, 7, 9, 10, 39, 0, 28, 41, 21, 6, 26, 22, 34, 36, 18, 42, 40, 37, 23, 1, 46, 17, 35, 49, 25, 27, 44, 2, 48, 12, 13, 33, 43, 38, 15, 11, 32, 31, 30, 29]
weights list(greater): [19, 45, 20, 5, 8, 14, 0, 16, 4, 7, 24, 6, 9, 47, 21, 26, 39, 3, 41, 18, 10, 40, 36, 12, 23, 28, 2, 34, 22, 30, 35, 27, 37, 42, 1, 17, 44, 43, 33, 25, 49, 13, 46, 32, 31, 38, 48, 11, 15, 29]
weights list(greater): [45, 19, 5, 8, 9, 20, 21, 4, 24, 47, 6, 7, 10, 16, 0, 41, 3, 18, 39, 37, 14, 28, 36, 26, 22, 17, 40, 1, 25, 12, 35, 2, 48, 34, 42, 23, 27, 32, 13, 44, 49, 46, 11, 38, 33, 30, 43, 15, 31, 29]
weights list(greater): [45, 20, 14, 19, 8, 10, 0, 39, 16, 5, 24, 9, 47, 4, 18, 28, 22, 2, 23, 7, 3, 30, 35, 40, 26, 42, 6, 34, 36, 27, 21, 49, 41, 13, 12, 17, 1, 31, 25, 38, 44, 46, 37, 43, 32, 33, 15, 11, 48, 29]
weights list(greater): [45, 19, 20, 14, 5, 8, 24, 9, 47, 17, 21, 6, 39, 7, 16, 28, 3, 10, 41, 4, 18, 22, 26, 34, 37, 40, 42, 12, 0, 1, 27, 49, 25, 35, 38, 23, 13, 2, 48, 36, 15, 32, 44, 30, 31, 11, 46, 43, 33, 29]
weights list(greater): [45, 19, 14, 20, 8, 10, 0, 16, 39, 4, 18, 47, 7, 23, 9, 5, 22, 24, 41, 6, 40, 3, 28, 27, 34, 35, 26, 36, 21, 42, 32, 12, 17, 37, 25, 2, 1, 13, 15, 49, 43, 31, 44, 38, 30, 11, 33, 29, 48, 46]
weights list(greater): [19, 45, 9, 20, 41, 21, 17, 24, 5, 10, 47, 6, 14, 8, 7, 26, 16, 39, 1, 4, 18, 3, 28, 25, 22, 23, 15, 36, 34, 0, 44, 49, 12, 35, 2, 27, 40, 32, 37, 42, 48, 11, 13, 46, 38, 43, 30, 33, 31, 29]
weights list(greater): [45, 14, 19, 8, 9, 39, 20, 22, 4, 18, 10, 7, 16, 41, 23, 5, 24, 0, 17, 6, 3, 47, 42, 28, 40, 32, 34, 1, 37, 2, 26, 35, 15, 21, 25, 36, 27, 12, 13, 49, 11, 31, 48, 33, 30, 44, 38, 43, 29, 46]
weights list(greater): [45, 20, 19, 8, 5, 14, 41, 7, 47, 16, 9, 4, 0, 6, 21, 24, 10, 18, 22, 3, 39, 26, 23, 28, 34, 17, 1, 40, 37, 42, 36, 27, 12, 35, 2, 13, 25, 49, 48, 46, 31, 33, 43, 38, 32, 44, 15, 30, 11, 29]
weights list(greater): [45, 19, 20, 14, 7, 8, 16, 41, 4, 5, 39, 0, 47, 40, 9, 10, 24, 2, 3, 22, 28, 6, 42, 12, 21, 23, 26, 18, 34, 46, 36, 27, 49, 35, 17, 1, 37, 25, 13, 38, 15, 44, 43, 31, 33, 32, 48, 30, 11, 29]
weights list(greater): [19, 45, 20, 8, 5, 4, 21, 14, 6, 9, 7, 47, 24, 16, 41, 0, 40, 26, 39, 3, 17, 34, 10, 18, 36, 42, 49, 12, 28, 48, 37, 35, 2, 1, 27, 25, 46, 22, 23, 44, 13, 43, 31, 38, 15, 11, 30, 32, 33, 29]
weights list(greater): [19, 45, 20, 8, 14, 0, 9, 5, 7, 10, 2, 47, 24, 18, 16, 26, 40, 6, 4, 3, 39, 23, 28, 42, 22, 41, 12, 34, 36, 21, 35, 25, 49, 27, 46, 37, 13, 38, 17, 44, 1, 43, 32, 30, 31, 15, 11, 48, 33, 29]
weights list(greater): [45, 9, 5, 20, 41, 19, 21, 7, 8, 14, 24, 4, 47, 10, 6, 17, 3, 18, 39, 0, 16, 28, 1, 42, 26, 37, 36, 2, 22, 25, 34, 48, 12, 40, 23, 49, 11, 13, 32, 38, 44, 30, 35, 27, 33, 43, 46, 31, 15, 29]
weights list(greater): [19, 45, 20, 8, 0, 10, 14, 39, 24, 18, 5, 7, 47, 16, 9, 26, 3, 4, 28, 23, 42, 6, 40, 22, 21, 35, 41, 46, 36, 27, 2, 37, 34, 12, 13, 1, 25, 32, 49, 31, 30, 44, 17, 33, 38, 43, 15, 48, 11, 29]
weights list(greater): [45, 19, 41, 20, 5, 8, 21, 6, 17, 3, 18, 9, 47, 1, 28, 26, 24, 10, 14, 39, 16, 7, 22, 4, 42, 40, 0, 49, 23, 48, 25, 37, 36, 44, 34, 35, 13, 32, 38, 2, 12, 27, 46, 11, 15, 31, 43, 33, 30, 29]
weights list(greater): [45, 20, 10, 8, 7, 4, 19, 14, 16, 0, 47, 24, 5, 40, 23, 39, 18, 22, 9, 28, 3, 42, 6, 41, 26, 2, 35, 21, 34, 27, 36, 32, 49, 44, 12, 1, 13, 25, 17, 33, 38, 43, 37, 30, 31, 15, 11, 48, 46, 29]
weights list(greater): [45, 20, 21, 19, 7, 47, 6, 9, 4, 24, 5, 26, 10, 3, 41, 39, 14, 16, 8, 40, 22, 17, 1, 0, 35, 12, 28, 42, 18, 32, 37, 34, 44, 36, 27, 2, 13, 43, 23, 49, 25, 38, 48, 46, 30, 15, 11, 33, 31, 29]
weights list(greater): [45, 19, 14, 20, 10, 4, 9, 0, 7, 8, 5, 16, 24, 22, 47, 18, 2, 28, 40, 6, 39, 3, 23, 41, 21, 42, 34, 37, 26, 36, 35, 17, 1, 12, 32, 27, 31, 13, 25, 49, 15, 38, 33, 44, 11, 43, 46, 48, 30, 29]
weights list(greater): [45, 19, 9, 5, 8, 20, 14, 47, 24, 21, 39, 4, 7, 10, 6, 41, 28, 16, 26, 3, 18, 17, 42, 22, 12, 0, 34, 37, 1, 35, 49, 40, 23, 2, 36, 27, 25, 48, 32, 13, 44, 38, 11, 31, 46, 43, 15, 30, 33, 29]
weights list(greater): [19, 45, 8, 0, 20, 5, 14, 7, 4, 16, 24, 10, 2, 9, 6, 21, 40, 47, 35, 3, 22, 41, 18, 28, 42, 36, 39, 23, 26, 34, 1, 12, 37, 27, 46, 32, 49, 17, 25, 44, 13, 38, 31, 43, 33, 30, 48, 11, 15, 29]
weights list(greater): [45, 19, 14, 20, 47, 8, 5, 9, 41, 26, 39, 24, 4, 6, 7, 10, 21, 28, 16, 0, 3, 40, 42, 18, 25, 49, 12, 35, 34, 17, 22, 37, 1, 2, 48, 13, 38, 27, 23, 36, 15, 33, 44, 46, 43, 31, 30, 32, 11, 29]
weights list(greater): [19, 45, 20, 7, 8, 16, 5, 4, 10, 47, 9, 0, 40, 18, 39, 6, 12, 41, 23, 24, 21, 14, 30, 3, 2, 36, 28, 35, 42, 26, 22, 17, 25, 1, 49, 37, 27, 34, 13, 43, 44, 38, 33, 32, 31, 11, 48, 15, 46, 29]
weights list(greater): [45, 19, 5, 9, 20, 8, 21, 14, 6, 41, 4, 18, 47, 7, 24, 3, 17, 0, 16, 39, 37, 28, 40, 26, 12, 36, 2, 1, 48, 22, 10, 42, 35, 49, 32, 34, 25, 23, 27, 11, 13, 44, 38, 46, 43, 33, 15, 30, 31, 29]
weights list(greater): [45, 19, 14, 20, 39, 7, 10, 47, 9, 0, 4, 16, 8, 18, 23, 35, 3, 40, 28, 5, 24, 22, 6, 2, 42, 21, 1, 17, 26, 36, 12, 41, 34, 25, 27, 37, 49, 13, 44, 38, 32, 43, 15, 30, 48, 31, 33, 46, 11, 29]
weights list(greater): [45, 19, 20, 47, 21, 14, 5, 7, 8, 9, 6, 4, 26, 16, 24, 0, 10, 40, 18, 41, 3, 12, 28, 35, 17, 39, 1, 49, 42, 22, 2, 32, 34, 23, 25, 37, 27, 13, 48, 36, 38, 33, 44, 30, 43, 46, 15, 11, 31, 29]
weights list(greater): [45, 19, 7, 0, 20, 9, 5, 4, 8, 21, 24, 16, 47, 14, 18, 40, 17, 41, 10, 3, 35, 2, 6, 36, 39, 28, 30, 26, 37, 22, 42, 27, 23, 32, 1, 12, 13, 34, 44, 43, 49, 33, 25, 48, 38, 31, 11, 15, 46, 29]
weights list(greater): [45, 19, 5, 20, 9, 7, 21, 4, 8, 14, 47, 6, 3, 16, 41, 0, 18, 24, 26, 17, 10, 28, 40, 34, 2, 42, 1, 49, 25, 12, 39, 22, 37, 36, 35, 23, 13, 38, 27, 11, 32, 48, 43, 30, 44, 15, 33, 46, 31, 29]
weights list(greater): [45, 19, 8, 20, 0, 47, 9, 4, 5, 16, 7, 6, 10, 14, 39, 24, 2, 35, 18, 21, 41, 40, 22, 28, 26, 3, 37, 42, 36, 23, 32, 17, 1, 30, 34, 27, 13, 46, 44, 49, 25, 33, 12, 43, 38, 15, 31, 48, 11, 29]
weights list(greater): [45, 9, 19, 5, 8, 21, 6, 30, 4, 47, 20, 17, 18, 24, 41, 10, 14, 7, 3, 16, 37, 36, 26, 39, 35, 1, 28, 22, 48, 12, 40, 2, 42, 34, 0, 46, 25, 13, 49, 27, 38, 11, 44, 32, 23, 15, 31, 43, 33, 29]
weights list(greater): [45, 19, 20, 8, 0, 7, 10, 47, 16, 14, 4, 5, 9, 39, 18, 24, 23, 35, 30, 28, 40, 6, 22, 41, 3, 26, 2, 21, 36, 42, 27, 1, 34, 49, 13, 25, 32, 17, 44, 12, 38, 37, 43, 31, 33, 46, 15, 48, 11, 29]
weights list(greater): [45, 19, 5, 20, 6, 21, 47, 24, 9, 3, 4, 8, 17, 26, 10, 40, 14, 39, 18, 41, 7, 16, 28, 1, 0, 32, 22, 35, 49, 11, 46, 12, 42, 36, 2, 37, 23, 25, 34, 13, 27, 38, 44, 33, 48, 15, 43, 31, 30, 29]
weights list(greater): [45, 7, 19, 20, 16, 14, 9, 8, 10, 18, 39, 0, 23, 4, 47, 35, 41, 5, 40, 2, 6, 24, 28, 3, 34, 42, 22, 17, 37, 36, 26, 27, 21, 32, 13, 49, 1, 12, 25, 15, 31, 44, 43, 38, 30, 11, 33, 48, 46, 29]
weights list(greater): [45, 19, 20, 8, 5, 9, 47, 21, 14, 24, 4, 41, 6, 10, 40, 7, 3, 17, 39, 1, 16, 22, 28, 18, 0, 26, 42, 23, 36, 34, 27, 2, 37, 32, 12, 25, 44, 35, 13, 49, 38, 48, 30, 11, 15, 46, 33, 43, 31, 29]
weights list(greater): [45, 19, 20, 7, 41, 47, 14, 10, 8, 0, 39, 16, 18, 40, 2, 9, 5, 6, 4, 28, 23, 24, 3, 42, 34, 22, 35, 26, 21, 27, 12, 49, 36, 25, 13, 17, 1, 37, 38, 15, 43, 11, 44, 30, 31, 48, 33, 32, 46, 29]
weights list(greater): [45, 19, 20, 8, 9, 4, 14, 47, 16, 5, 41, 6, 21, 10, 39, 3, 0, 40, 7, 28, 24, 18, 12, 26, 2, 34, 17, 42, 35, 22, 36, 1, 49, 37, 25, 11, 23, 27, 13, 38, 48, 46, 43, 33, 44, 30, 32, 31, 15, 29]
weights list(greater): [45, 19, 8, 20, 4, 14, 9, 5, 41, 10, 47, 16, 39, 0, 7, 24, 40, 3, 30, 23, 6, 42, 12, 28, 34, 2, 35, 21, 26, 22, 18, 36, 17, 49, 33, 37, 38, 1, 25, 13, 27, 31, 44, 15, 32, 11, 43, 48, 46, 29]
weights list(greater): [45, 19, 9, 5, 20, 21, 41, 47, 4, 14, 8, 6, 24, 0, 7, 16, 3, 10, 28, 39, 1, 35, 12, 18, 40, 2, 26, 22, 49, 17, 34, 42, 23, 36, 48, 37, 13, 25, 11, 44, 30, 27, 38, 33, 46, 43, 15, 32, 31, 29]
weights list(greater): [45, 19, 20, 9, 8, 0, 4, 5, 14, 24, 47, 6, 10, 39, 18, 7, 3, 16, 41, 28, 2, 21, 35, 26, 42, 36, 40, 1, 34, 23, 12, 22, 30, 27, 17, 13, 32, 33, 44, 25, 38, 49, 43, 37, 48, 31, 11, 15, 46, 29]
weights list(greater): [45, 19, 9, 4, 14, 20, 21, 5, 8, 3, 47, 24, 18, 6, 41, 37, 26, 35, 28, 12, 48, 7, 0, 17, 10, 16, 1, 42, 39, 36, 40, 2, 38, 22, 11, 44, 13, 27, 49, 25, 30, 23, 32, 43, 34, 31, 33, 46, 15, 29]
weights list(greater): [19, 45, 20, 0, 7, 47, 4, 10, 8, 9, 5, 16, 14, 6, 41, 40, 28, 3, 39, 24, 22, 30, 18, 26, 2, 42, 21, 23, 35, 17, 34, 1, 12, 36, 25, 27, 13, 49, 38, 33, 48, 31, 37, 43, 46, 44, 32, 11, 15, 29]
weights list(greater): [45, 19, 5, 20, 8, 4, 14, 9, 47, 6, 41, 3, 21, 24, 10, 0, 26, 16, 7, 28, 40, 17, 35, 30, 18, 42, 12, 39, 2, 22, 1, 48, 36, 27, 37, 13, 49, 32, 23, 34, 38, 25, 43, 46, 15, 11, 44, 33, 31, 29]
weights list(greater): [19, 9, 45, 8, 0, 7, 24, 39, 10, 14, 47, 4, 20, 30, 2, 41, 3, 5, 40, 32, 18, 16, 36, 26, 28, 21, 42, 6, 23, 17, 1, 12, 35, 22, 27, 38, 49, 34, 37, 25, 13, 31, 33, 44, 43, 11, 48, 46, 15, 29]
weights list(greater): [45, 19, 9, 14, 7, 20, 24, 21, 8, 5, 4, 32, 3, 47, 17, 16, 1, 26, 30, 18, 22, 35, 39, 10, 0, 38, 28, 6, 2, 41, 25, 42, 36, 40, 13, 49, 37, 48, 12, 23, 31, 11, 34, 27, 44, 43, 46, 15, 33, 29]
weights list(greater): [45, 9, 19, 14, 20, 8, 24, 7, 41, 2, 16, 30, 5, 0, 39, 18, 40, 4, 47, 21, 3, 35, 23, 26, 28, 10, 32, 34, 42, 22, 6, 17, 36, 1, 27, 49, 13, 31, 38, 25, 37, 46, 43, 33, 44, 15, 11, 12, 48, 29]
weights list(greater): [19, 45, 9, 5, 41, 4, 20, 21, 7, 6, 47, 3, 0, 8, 17, 28, 40, 26, 24, 16, 36, 1, 10, 18, 39, 37, 35, 12, 25, 42, 48, 49, 2, 34, 14, 38, 11, 27, 23, 22, 13, 43, 44, 46, 15, 32, 33, 31, 30, 29]
weights list(greater): [45, 9, 19, 8, 20, 5, 14, 24, 0, 4, 7, 47, 30, 16, 10, 3, 18, 2, 35, 41, 39, 28, 21, 6, 40, 42, 23, 26, 36, 34, 1, 17, 12, 22, 13, 32, 38, 49, 25, 31, 33, 27, 44, 37, 43, 11, 48, 46, 15, 29]
weights list(greater): [45, 19, 20, 47, 5, 21, 4, 9, 0, 7, 41, 14, 8, 48, 6, 10, 3, 28, 18, 24, 17, 39, 26, 35, 16, 40, 25, 1, 42, 49, 2, 12, 36, 34, 37, 13, 11, 27, 38, 32, 30, 43, 23, 22, 33, 31, 44, 46, 15, 29]
weights list(greater): [45, 9, 19, 0, 20, 5, 47, 30, 14, 4, 24, 10, 8, 3, 2, 16, 21, 40, 26, 41, 28, 39, 6, 7, 42, 17, 36, 18, 32, 22, 35, 23, 27, 49, 13, 44, 12, 1, 11, 25, 34, 31, 43, 33, 37, 38, 48, 15, 46, 29]
weights list(greater): [9, 45, 41, 5, 19, 47, 20, 21, 4, 6, 14, 26, 8, 24, 0, 10, 3, 16, 39, 28, 17, 18, 40, 22, 12, 42, 7, 2, 30, 1, 37, 38, 11, 25, 36, 49, 23, 13, 34, 46, 27, 44, 48, 31, 35, 43, 33, 32, 15, 29]
weights list(greater): [19, 0, 45, 9, 47, 20, 8, 39, 41, 14, 10, 30, 7, 6, 5, 24, 4, 26, 16, 18, 1, 35, 28, 21, 3, 36, 40, 42, 2, 27, 23, 17, 43, 49, 13, 12, 22, 25, 32, 34, 44, 11, 38, 31, 46, 33, 37, 48, 15, 29]
weights list(greater): [45, 19, 21, 9, 20, 14, 24, 47, 0, 4, 5, 41, 7, 10, 28, 17, 3, 8, 1, 6, 39, 26, 18, 22, 2, 16, 35, 42, 37, 23, 12, 49, 40, 34, 36, 38, 13, 32, 48, 25, 27, 11, 15, 31, 44, 46, 43, 30, 33, 29]
weights list(greater): [45, 9, 19, 0, 20, 47, 7, 30, 14, 8, 39, 10, 5, 2, 4, 16, 35, 6, 3, 18, 24, 28, 26, 23, 41, 1, 40, 36, 42, 21, 13, 27, 17, 25, 22, 32, 44, 43, 49, 12, 33, 38, 34, 37, 31, 11, 46, 15, 48, 29]
weights list(greater): [45, 19, 20, 21, 1, 24, 9, 26, 4, 47, 6, 3, 39, 8, 41, 14, 10, 22, 40, 5, 28, 18, 16, 17, 7, 23, 32, 0, 12, 38, 42, 25, 35, 49, 27, 13, 2, 15, 46, 11, 44, 34, 36, 30, 37, 43, 48, 31, 33, 29]
weights list(greater): [45, 9, 0, 18, 19, 20, 41, 6, 4, 8, 16, 23, 21, 7, 14, 2, 1, 47, 32, 10, 24, 40, 5, 17, 28, 39, 35, 36, 12, 26, 3, 22, 37, 27, 25, 13, 34, 44, 42, 30, 49, 43, 11, 38, 15, 33, 31, 48, 46, 29]
weights list(greater): [45, 9, 19, 40, 24, 21, 7, 8, 5, 4, 20, 39, 47, 6, 10, 41, 14, 3, 0, 17, 26, 1, 2, 16, 18, 28, 25, 12, 49, 42, 35, 11, 22, 32, 38, 13, 34, 37, 23, 36, 48, 27, 33, 46, 44, 15, 31, 43, 30, 29]
weights list(greater): [45, 7, 9, 19, 20, 4, 10, 8, 47, 0, 5, 41, 39, 35, 14, 3, 18, 2, 21, 28, 16, 6, 22, 24, 23, 40, 17, 26, 1, 32, 42, 36, 12, 13, 25, 27, 30, 38, 49, 43, 37, 34, 33, 31, 11, 44, 15, 48, 46, 29]
weights list(greater): [19, 9, 45, 5, 20, 4, 8, 0, 18, 14, 21, 3, 47, 6, 1, 24, 17, 37, 42, 28, 2, 41, 26, 12, 32, 35, 7, 36, 39, 10, 48, 22, 16, 27, 11, 40, 38, 13, 49, 25, 30, 44, 43, 34, 23, 33, 46, 31, 15, 29]
weights list(greater): [45, 19, 41, 20, 47, 9, 39, 8, 4, 0, 10, 5, 40, 14, 3, 7, 2, 24, 16, 28, 34, 6, 18, 23, 21, 42, 30, 35, 13, 49, 26, 12, 22, 38, 25, 37, 17, 36, 27, 1, 32, 43, 33, 15, 44, 11, 31, 48, 46, 29]
weights list(greater): [45, 19, 21, 1, 9, 7, 47, 5, 4, 20, 8, 0, 24, 41, 6, 17, 18, 26, 2, 3, 39, 12, 10, 14, 28, 30, 37, 36, 16, 11, 35, 40, 48, 32, 38, 42, 44, 22, 49, 25, 13, 23, 27, 34, 33, 43, 46, 15, 31, 29]
weights list(greater): [19, 45, 9, 0, 20, 47, 10, 8, 41, 7, 16, 5, 4, 30, 35, 14, 39, 26, 28, 24, 2, 6, 18, 40, 21, 3, 12, 23, 1, 27, 13, 22, 42, 49, 38, 36, 46, 17, 34, 11, 25, 43, 33, 44, 31, 32, 37, 48, 15, 29]
weights list(greater): [45, 9, 19, 4, 5, 21, 47, 7, 0, 14, 20, 18, 3, 6, 26, 41, 39, 8, 2, 40, 24, 1, 17, 35, 25, 16, 12, 28, 48, 32, 37, 10, 11, 38, 49, 36, 22, 13, 42, 34, 23, 44, 27, 43, 33, 15, 46, 30, 31, 29]
weights list(greater): [45, 9, 19, 0, 41, 20, 10, 47, 8, 4, 14, 7, 39, 24, 2, 5, 23, 3, 16, 28, 35, 40, 18, 30, 32, 26, 6, 42, 22, 21, 1, 17, 12, 36, 13, 34, 27, 31, 44, 49, 38, 37, 25, 43, 33, 11, 46, 15, 48, 29]
weights list(greater): [9, 45, 19, 21, 47, 24, 20, 26, 1, 4, 0, 8, 5, 41, 6, 18, 32, 17, 7, 14, 39, 35, 10, 28, 3, 12, 37, 16, 40, 42, 36, 2, 25, 22, 38, 13, 49, 48, 11, 46, 34, 44, 43, 27, 23, 31, 15, 33, 30, 29]
weights list(greater): [19, 9, 45, 41, 0, 20, 4, 39, 7, 47, 30, 14, 10, 8, 5, 40, 16, 23, 2, 28, 35, 18, 24, 3, 12, 6, 26, 22, 34, 42, 21, 49, 32, 13, 17, 36, 1, 38, 44, 25, 27, 31, 43, 15, 37, 46, 33, 11, 48, 29]
weights list(greater): [19, 45, 4, 9, 47, 26, 21, 20, 5, 18, 6, 0, 3, 41, 24, 14, 1, 17, 8, 7, 28, 35, 10, 2, 12, 40, 22, 37, 42, 39, 49, 16, 25, 13, 32, 44, 11, 38, 36, 27, 48, 43, 46, 31, 23, 34, 15, 30, 33, 29]
weights list(greater): [45, 19, 9, 41, 0, 20, 47, 39, 14, 10, 4, 8, 7, 18, 5, 23, 30, 2, 3, 16, 6, 35, 28, 21, 26, 40, 1, 24, 42, 36, 22, 17, 27, 32, 13, 43, 38, 25, 49, 12, 44, 31, 37, 34, 33, 11, 46, 48, 15, 29]
weights list(greater): [19, 45, 9, 20, 47, 4, 14, 24, 21, 8, 0, 5, 26, 1, 17, 6, 39, 41, 3, 22, 12, 7, 40, 28, 18, 32, 25, 16, 49, 42, 35, 13, 36, 23, 2, 38, 37, 30, 48, 10, 43, 15, 44, 34, 27, 11, 46, 33, 31, 29]
weights list(greater): [19, 45, 9, 0, 14, 20, 30, 47, 4, 41, 8, 7, 18, 5, 16, 24, 26, 35, 12, 6, 39, 40, 10, 3, 2, 23, 28, 22, 1, 21, 36, 17, 42, 27, 38, 25, 46, 13, 32, 49, 43, 44, 34, 37, 31, 11, 33, 15, 48, 29]
weights list(greater): [19, 45, 9, 5, 24, 7, 41, 21, 4, 0, 3, 6, 47, 20, 39, 12, 14, 18, 26, 10, 8, 1, 35, 40, 17, 28, 22, 42, 16, 34, 38, 23, 2, 13, 49, 32, 27, 37, 11, 25, 48, 30, 36, 44, 33, 31, 15, 43, 46, 29]
weights list(greater): [45, 9, 0, 20, 8, 19, 30, 47, 14, 10, 41, 16, 6, 7, 32, 35, 39, 3, 26, 40, 2, 4, 18, 24, 5, 28, 27, 23, 22, 42, 12, 21, 1, 17, 36, 49, 33, 13, 38, 43, 25, 44, 34, 31, 48, 11, 37, 46, 15, 29]
weights list(greater): [45, 9, 21, 19, 24, 4, 7, 5, 1, 3, 47, 17, 18, 6, 40, 14, 0, 20, 8, 26, 32, 11, 39, 41, 2, 35, 22, 12, 25, 49, 37, 48, 42, 30, 28, 36, 10, 38, 44, 23, 27, 33, 31, 43, 13, 34, 16, 46, 15, 29]
weights list(greater): [9, 45, 19, 14, 0, 41, 20, 47, 8, 10, 7, 39, 4, 18, 40, 23, 24, 5, 30, 16, 12, 28, 2, 35, 34, 3, 26, 32, 1, 42, 21, 6, 17, 38, 27, 22, 13, 36, 49, 25, 37, 33, 11, 43, 44, 48, 31, 15, 46, 29]
weights list(greater): [9, 19, 45, 18, 41, 17, 4, 14, 24, 7, 6, 8, 21, 20, 5, 3, 0, 47, 1, 10, 37, 39, 12, 26, 28, 35, 40, 25, 2, 22, 16, 42, 49, 32, 36, 13, 11, 48, 44, 38, 34, 15, 23, 31, 27, 43, 30, 33, 46, 29]
weights list(greater): [9, 45, 0, 19, 20, 47, 14, 39, 8, 30, 10, 4, 24, 5, 7, 35, 28, 2, 18, 3, 16, 23, 40, 22, 42, 26, 27, 41, 1, 13, 32, 6, 21, 38, 17, 36, 31, 49, 12, 44, 37, 25, 43, 34, 46, 33, 11, 15, 48, 29]
weights list(greater): [45, 19, 9, 7, 47, 21, 4, 6, 1, 10, 20, 39, 18, 22, 0, 26, 16, 40, 41, 25, 35, 32, 14, 5, 17, 3, 8, 24, 28, 49, 2, 12, 11, 46, 48, 44, 13, 23, 42, 37, 38, 36, 43, 34, 27, 15, 33, 30, 31, 29]
weights list(greater): [45, 19, 9, 4, 7, 18, 20, 0, 8, 47, 23, 10, 30, 35, 16, 2, 6, 32, 39, 1, 14, 40, 5, 17, 24, 28, 26, 3, 22, 21, 41, 36, 12, 42, 11, 44, 13, 25, 27, 37, 33, 43, 31, 49, 38, 34, 48, 15, 46, 29]
weights list(greater): [9, 45, 19, 5, 21, 4, 20, 7, 26, 18, 47, 41, 24, 14, 1, 6, 8, 28, 39, 3, 0, 35, 40, 2, 17, 11, 12, 22, 10, 16, 32, 42, 37, 36, 44, 13, 38, 30, 23, 49, 27, 46, 25, 48, 43, 33, 31, 34, 15, 29]
weights list(greater): [19, 45, 9, 0, 47, 20, 30, 18, 7, 8, 3, 5, 10, 24, 35, 26, 4, 14, 2, 39, 1, 28, 21, 41, 16, 6, 42, 12, 36, 32, 40, 17, 11, 38, 27, 13, 31, 23, 25, 22, 49, 44, 33, 43, 37, 34, 48, 46, 15, 29]
weights list(greater): [9, 19, 45, 21, 24, 14, 2, 26, 20, 5, 4, 39, 6, 41, 0, 1, 35, 47, 42, 10, 28, 8, 3, 12, 7, 18, 32, 16, 22, 44, 49, 40, 17, 13, 38, 25, 23, 37, 36, 11, 27, 43, 31, 34, 46, 30, 48, 15, 33, 29]
weights list(greater): [19, 9, 0, 45, 20, 14, 8, 41, 2, 5, 4, 47, 39, 16, 30, 40, 7, 35, 10, 24, 6, 21, 18, 3, 23, 28, 26, 36, 32, 27, 42, 1, 34, 12, 17, 13, 22, 49, 31, 38, 44, 25, 43, 11, 37, 46, 33, 15, 48, 29]
weights list(greater): [9, 19, 45, 21, 41, 12, 18, 20, 6, 17, 47, 4, 7, 35, 1, 24, 8, 5, 26, 40, 3, 0, 14, 39, 10, 22, 32, 2, 28, 37, 25, 38, 42, 16, 36, 48, 49, 23, 13, 11, 27, 44, 43, 34, 46, 15, 30, 31, 33, 29]
weights list(greater): [45, 19, 9, 41, 14, 7, 0, 8, 47, 4, 18, 39, 24, 20, 23, 2, 40, 16, 10, 42, 3, 26, 5, 6, 35, 28, 12, 49, 32, 38, 34, 21, 17, 22, 25, 27, 36, 31, 13, 1, 44, 11, 30, 43, 37, 15, 33, 48, 46, 29]
